-- phpMyAdmin SQL Dump
-- version 4.9.5
-- https://www.phpmyadmin.net/
--
-- Máy chủ: localhost:3306
-- Thời gian đã tạo: Th12 18, 2021 lúc 05:27 PM
-- Phiên bản máy phục vụ: 10.5.12-MariaDB
-- Phiên bản PHP: 7.3.32

SET SQL_MODE = "NO_AUTO_VALUE_ON_ZERO";
SET AUTOCOMMIT = 0;
START TRANSACTION;
SET time_zone = "+00:00";


/*!40101 SET @OLD_CHARACTER_SET_CLIENT=@@CHARACTER_SET_CLIENT */;
/*!40101 SET @OLD_CHARACTER_SET_RESULTS=@@CHARACTER_SET_RESULTS */;
/*!40101 SET @OLD_COLLATION_CONNECTION=@@COLLATION_CONNECTION */;
/*!40101 SET NAMES utf8 */;

--
-- Cơ sở dữ liệu: `id18135189_ptudwebtestdata`
--

-- --------------------------------------------------------

--
-- Cấu trúc bảng cho bảng `admin`
--

CREATE TABLE `admin` (
  `admin_username` varchar(100) COLLATE utf8_unicode_ci NOT NULL,
  `password` varchar(100) COLLATE utf8_unicode_ci NOT NULL,
  `ho` varchar(40) COLLATE utf8_unicode_ci NOT NULL,
  `ten` varchar(20) COLLATE utf8_unicode_ci NOT NULL
) ENGINE=InnoDB DEFAULT CHARSET=utf8 COLLATE=utf8_unicode_ci;

--
-- Đang đổ dữ liệu cho bảng `admin`
--

INSERT INTO `admin` (`admin_username`, `password`, `ho`, `ten`) VALUES
('admindoanh', 'fcea920f7412b5da7be0cf42b8c93759', 'Sử Đại', 'Doanh');

-- --------------------------------------------------------

--
-- Cấu trúc bảng cho bảng `company`
--

CREATE TABLE `company` (
  `id_company` int(10) UNSIGNED NOT NULL,
  `company_name` varchar(100) COLLATE utf8_unicode_ci NOT NULL
) ENGINE=InnoDB DEFAULT CHARSET=utf8 COLLATE=utf8_unicode_ci;

--
-- Đang đổ dữ liệu cho bảng `company`
--

INSERT INTO `company` (`id_company`, `company_name`) VALUES
(1, 'Acer'),
(2, 'Asus'),
(3, 'Dell'),
(4, 'HP'),
(5, 'Lenovo'),
(6, 'LG'),
(7, 'MAC'),
(8, 'MSI'),
(9, 'Rapoo'),
(10, 'Logitech'),
(11, 'Corsair'),
(12, 'Hyper X');

-- --------------------------------------------------------

--
-- Cấu trúc bảng cho bảng `order`
--

CREATE TABLE `order` (
  `id` int(10) UNSIGNED NOT NULL,
  `id_user` int(10) NOT NULL,
  `phone` int(15) NOT NULL,
  `total` int(10) NOT NULL,
  `purchase_date` varchar(255) COLLATE utf8_unicode_ci NOT NULL,
  `delivery_address` varchar(255) COLLATE utf8_unicode_ci NOT NULL,
  `status` varchar(255) COLLATE utf8_unicode_ci NOT NULL
) ENGINE=InnoDB DEFAULT CHARSET=utf8 COLLATE=utf8_unicode_ci;

--
-- Đang đổ dữ liệu cho bảng `order`
--

INSERT INTO `order` (`id`, `id_user`, `phone`, `total`, `purchase_date`, `delivery_address`, `status`) VALUES
(1, 1, 1234, 1960000, '2021-12-18', 'Đông Hà Quảng Trị', 'Đang giao hàng'),
(2, 2, 942150140, 16000000, '2021-12-18', '40/33 Phạm Văn Đồng', 'Đang giao hàng'),
(3, 2, 942150140, 16000000, '2021-12-18', '40/33 Phạm Văn Đồng', 'Đang giao hàng');

-- --------------------------------------------------------

--
-- Cấu trúc bảng cho bảng `order_detail`
--

CREATE TABLE `order_detail` (
  `order_id` int(10) NOT NULL,
  `product_id` int(10) NOT NULL,
  `quantity` int(10) NOT NULL,
  `price` int(10) NOT NULL,
  `date_created` date NOT NULL
) ENGINE=InnoDB DEFAULT CHARSET=latin1;

--
-- Đang đổ dữ liệu cho bảng `order_detail`
--

INSERT INTO `order_detail` (`order_id`, `product_id`, `quantity`, `price`, `date_created`) VALUES
(1, 184, 4, 490000, '2021-12-18'),
(2, 105, 1, 16000000, '2021-12-18');

-- --------------------------------------------------------

--
-- Cấu trúc bảng cho bảng `product`
--

CREATE TABLE `product` (
  `id_product` int(10) UNSIGNED NOT NULL,
  `product_name` varchar(255) COLLATE utf8_unicode_ci NOT NULL,
  `price` int(40) NOT NULL,
  `khuyenMai` int(10) NOT NULL,
  `description` text COLLATE utf8_unicode_ci NOT NULL,
  `company_id` int(10) NOT NULL,
  `image` varchar(255) COLLATE utf8_unicode_ci NOT NULL,
  `satus` varchar(255) COLLATE utf8_unicode_ci NOT NULL
) ENGINE=InnoDB DEFAULT CHARSET=utf8 COLLATE=utf8_unicode_ci;

--
-- Đang đổ dữ liệu cho bảng `product`
--

INSERT INTO `product` (`id_product`, `product_name`, `price`, `khuyenMai`, `description`, `company_id`, `image`, `satus`) VALUES
(101, 'Laptop Acer Predator Triton 300 PT315 53 71DJ I7 ', 19500000, 10, '• CPU: i711800H2.30 GHz\r\n• RAM: 16 GBDDR4 2 khe (1 khe 8GB + 1 khe 8GB)3200 MHz\r\n• Ổ cứng: 512 GB SSD NVMe PCIe (Có thể tháo ra, lắp thanh khác tối đa 1TB)Hỗ trợ thêm 1 khe cắm SSD M.2 PCIe mở rộng (nâng cấp tối đa 1TB)\r\n• Màn hình: 15.6\"QHD (2560 x 1440)165Hz\r\n• Card màn hình: Card rờiRTX 3070 8GB\r\n• Cổng kết nối: 3 x USB 3.2HDMIJack tai nghe 3.5 mmLAN (RJ45)Mini DisplayPortThunderbolt 4 USB-C\r\n• Đặc biệt: Có đèn bàn phím\r\n• Hệ điều hành: Windows 10 Home SL\r\n• Thiết kế: Vỏ kim loại\r\n• Kích thước, trọng lượng: Dài 353 mm - Rộng 255 mm - Dày 19.9 mm - Nặng 2 kg\r\n• Thời điểm ra mắt: 2021\r\n\r\n', 1, './images/Acer/Laptop Acer Predator Triton 300.jpg', 'Hết hàng'),
(102, 'Laptop Acer Aspire 7 Gaming A715 42G R6ZR R5 ', 17000000, 0, '• CPU: Ryzen 55500U2.1GHz\r\n• RAM:8 GBDDR4 2 khe (1 khe 8GB + 1 khe rời)3200 MHz\r\n• Ổ cứng: Không hỗ trợ khe cắm HDDKhông hỗ trợ khe cắm SSD M2 mở rộng thêm512 GB SSD NVMe PCIe (Có thể tháo ra, lắp thanh khác tối đa 1TB)\r\n• Màn hình: 15.6\"Full HD (1920 x 1080)144Hz\r\n• Card màn hình: Card rờiGTX 1650 4GB\r\n• Cổng kết nối: 2 x USB 3.2HDMIJack tai nghe 3.5 mmLAN (RJ45)USB 2.0USB Type-C\r\n• Đặc biệt: Có đèn bàn phím\r\n• Hệ điều hành: Windows 10 Home SL\r\n• Thiết kế: Vỏ nhựa\r\n• Kích thước, trọng lượng: Dài 363.4 mm - Rộng 254.5 mm - Dày 22.9 mm - Nặng 2.1 kg\r\n• Thời điểm ra mắt: 2021\r\n', 1, './images/Acer/Laptop Acer Aspire 7 Gaming A715.jpg', 'Đang cập nhập'),
(103, 'Laptop Acer Predator Triton 300 PT315 53 75LQ i7 ', 23000000, 0, '•	CPU: i711800H2.30 GHz\r\n• RAM:16 GBDDR4 2 khe (1 khe 8GB + 1 khe 8GB)3200 MHz\r\n• Ổ cứng: 512 GB SSD NVMe PCIe (Có thể tháo ra, lắp thanh khác tối đa 1TB)Hỗ trợ thêm 1 khe cắm SSD M.2 PCIe mở rộng (nâng cấp tối đa 1TB)\r\n• Màn hình: 15.6\"QHD (2560 x 1440)165Hz\r\n• Card màn hình: Card rờiRTX 3060 6GB\r\n• Cổng kết nối: 3 x USB 3.2HDMIJack tai nghe 3.5 mmLAN (RJ45)Mini DisplayPortThunderbolt 4 USB-C\r\n• Đặc biệt: Có đèn bàn phím\r\n• Hệ điều hành: Windows 10 Home SL\r\n• Thiết kế: Vỏ kim loại\r\n• Kích thước, trọng lượng: Dài 353 mm - Rộng 255 mm - Dày 19.9 mm - Nặng 2 kg\r\n• Thời điểm ra mắt: 2021\r\n\r\n', 1, './images/Acer/Acer Predator Triton 300 PT315 53 75LQ.jpg', 'Còn hàng'),
(104, 'Laptop Acer Aspire A315 56 308N i3 ', 19000000, 0, '• CPU: i31005G11.2GHz\r\n• RAM: 4 GBDDR4 (On board +1 khe)2400 MHz\r\n• Ổ cứng: 256 GB SSD NVMe PCIeHỗ trợ khe cắm HDD SATA\r\n• Màn hình: 15.6\"Full HD (1920 x 1080)\r\n• Card màn hình: Card tích hợpIntel UHD\r\n• Cổng kết nối: 2 x USB 2.0HDMIJack tai nghe 3.5 mmLAN (RJ45)USB 3.1\r\n• Hệ điều hành: Windows 10 Home SL\r\n• Thiết kế: Vỏ nhựa\r\n• Kích thước, trọng lượng: Dài 363.4 mm - Rộng 247.5 mm - Dày 19.9 mm - Nặng 1.7 kg\r\n• Thời điểm ra mắt: 2020\r\n\r\n', 1, './images/Acer/Laptop Acer Aspire A315 56 308N i3.jpg', 'Còn hàng'),
(105, 'Cấu hình Laptop Acer Aspire 3 A314 35 P6JF ', 16000000, 0, '• CPU: PentiumN60001.1GHz\r\n• RAM: 4 GBDDR4 (2 khe)2400 MHz\r\n• Ổ cứng: 512 GB SSD NVMe PCIeHỗ trợ khe cắm HDD SATA\r\n• Màn hình: 14\"HD (1366 x 768)\r\n• Card màn hình: Card tích hợpIntel UHD\r\n• Cổng kết nối:  2 x USB 3.2HDMIJack tai nghe 3.5 mmLAN (RJ45)USB 2.0\r\n• Hệ điều hành: Windows 10 Home SL\r\n• Thiết kế: Vỏ nhựa\r\n• Kích thước, trọng lượng: Dài 328 mm - Rộng 236 mm - Dày 19.9 mm - Nặng 1.45 kg\r\n• Thời điểm ra mắt: 2020\r\n', 1, './images/Acer/Laptop Acer Aspire 3 A314 35 P6JF.jpg', 'Còn hàng'),
(106, 'Cấu hình Laptop Acer Swift 3 SF313 53 518Y i5 ', 25000000, 0, '• CPU: i51135G72.4GHz\r\n• RAM: 16 GBLPDDR4X (On board)4266 MHz\r\n• Ổ cứng: 512 GB SSD NVMe PCIe\r\n• Màn hình: 13.5\"QHD (2256 x 1504)\r\n• Card màn hình: Card tích hợpIntel Iris Xe\r\n• Cổng kết nối: 2 x USB 3.2HDMIJack tai nghe 3.5 mmThunderbolt 4 USB-C\r\n• Đặc biệt: Có đèn bàn phím\r\n• Hệ điều hành: Windows 10 Home SL\r\n• Thiết kế: Vỏ kim loại nguyên khối\r\n• Kích thước, trọng lượng: Dài 302.5 mm - Rộng 233.88 mm - Dày 15.95 mm - Nặng 1.19 kg\r\n• Thời điểm ra mắt: 2020\r\n', 1, './images/Acer/Acer Swift 3 SF313 53 518Y.jpg', 'Còn hàng'),
(107, 'Laptop Acer Nitro AN515 43 R84R R5 ', 22000000, 0, '• CPU: Ryzen 53550H2.1GHz\r\n• RAM: 8 GBDDR4 (2 khe)2666 MHz\r\n• Ổ cứng: 256 GB SSD NVMe PCIeHỗ trợ khe cắm HDD SATA\r\n• Màn hình: 15.6\"Full HD (1920 x 1080)\r\n• Card màn hình: Card rờiAMD RadeonRX 560X 4 GB\r\n• Cổng kết nối: 2 x USB 3.1HDMILAN (RJ45)USB 2.0USB Type-C\r\n• Đặc biệt: Có đèn bàn phím\r\n• Hệ điều hành: Windows 10 Home SL\r\n• Thiết kế: Vỏ nhựa\r\n• Kích thước, trọng lượng: Dài Dài 363.4 mm - Rộng Rộng 255 mm - Dày Dày 25.9 mm - Nặng 2.3 kg\r\n\r\n', 1, './images/Acer/Laptop Acer Nitro AN515 43 R84R R5.jpg', 'Hết hàng'),
(108, 'Laptop Asus ROG Zephyrus G14 Alan Walker GA401QEC R9 ', 21000000, 0, '• CPU: Ryzen 95900HS3GHz\r\n• RAM: 16 GBDDR4 2 khe (8GB onboard+ 1 khe 8GB)3200 MHz\r\n• Ổ cứng: Hỗ trợ thêm 1 khe cắm SSD M.2 PCIe 3.0 mở rộng (nâng cấp dung lượng không giới hạn)1 TB SSD M.2 PCIe 3.0 (Có thể tháo ra, lắp thanh khác dung lượng không giới hạn)\r\n• Màn hình:14\"QHD (2560 x 1440)120Hz\r\n• Card màn hình: Card rờiRTX 3050Ti 4GB\r\n• Cổng kết nối: 1x USB 3.2 Gen 2 Type-C support DisplayPort / power delivery / G-SYNC2 x USB 3.2HDMIJack tai nghe 3.5 mmUSB Type-C\r\n• Đặc biệt: Có đèn bàn phím\r\n• Hệ điều hành: Windows 10 Home SL\r\n• Thiết kế: Vỏ nhựa - nắp lưng bằng kim loại\r\n• Kích thước, trọng lượng: Dài 324 mm - Rộng 220 mm - Dày 19.9 mm - Nặng 1.7 kg\r\n• Thời điểm ra mắt: 2021\r\n\r\n', 2, './images/Asus/Laptop Asus ROG Zephyrus G14.jpg', 'Hết hàng'),
(109, 'Laptop Asus ZenBook UX325EA I5 ', 28419000, 0, '• CPU: i51135G72.4GHz\r\n• RAM: 8 GBLPDDR4X (On board)4267 MHz\r\n• Ổ cứng: 512 GB SSD NVMe PCIe (Có thể tháo ra, lắp thanh khác tối đa 1TB)\r\n• Màn hình: 13.3\"Full HD (1920 x 1080) OLED\r\n• Card màn hình:Card tích hợpIntel Iris Xe\r\n• Cổng kết nối 1 x USB 3.22 x Thunderbolt 4 USB-CHDMI\r\n• Đặc biệt: Có đèn bàn phím\r\n• Hệ điều hành: Windows 10 Home SL\r\n• Thiết kế: Vỏ kim loại nguyên khối\r\n• Kích thước, trọng lượng: Dài 304.2 mm - Rộng 203 mm - Dày 13.9 mm - Nặng 1.14 kg\r\n• Thời điểm ra mắt: 2021\r\n', 2, './images/Asus/Laptop Asus ZenBook UX325EA.jpg', 'Hết hàng'),
(110, 'Laptop Asus TUF Gaming FX516PC i7 ', 22070000, 0, '•	CPU: i711370H3.3GHz\r\n• RAM: 8 GBDDR4 2 khe (1 khe 8GB onboard + 1 khe trống)3200 MHz\r\n• Ổ cứng Hỗ trợ thêm 1 khe cắm SSD M.2 PCIe mở rộng (nâng cấp tối đa 1TB)512 GB SSD NVMe PCIe (Có thể tháo ra, lắp thanh khác tối đa 1TB)\r\n• Màn hình: 15.6\"Full HD (1920 x 1080)144Hz\r\n• Card màn hình: Card rờiRTX 3050 4GB\r\n• Cổng kết nối: 3 x USB 3.2HDMIJack tai nghe 3.5 mmLAN (RJ45)Thunderbolt 4 USB-C\r\n• Đặc biệt: Có đèn bàn phím\r\n• Hệ điều hành: Windows 10 Home SL\r\n• Thiết kế: Vỏ nhựa - nắp lưng bằng kim loại\r\n• Kích thước, trọng lượng: Dài 360 mm - Rộng 252 mm - Dày 19.9 mm - Nặng 2 kg\r\n• Thời điểm ra mắt: 2021\r\n', 2, './images/Asus/Laptop Asus TUF Gaming FX516PC.jpg', 'Còn hàng'),
(111, 'Laptop Asus TUF Gaming FX706HE i7 ', 27100000, 0, '• CPU: i711800H2.30 GHz\r\n• RAM: 8 GBDDR4 2 khe (1 khe 8GB + 1 khe rời)3200 MHz\r\n• Ổ cứng: 512 GB SSD NVMe PCIeHỗ trợ thêm 1 khe cắm SSD M.2 PCIe mở rộng\r\n• Màn hình: 17.3\"Full HD (1920 x 1080)144Hz\r\n• Card màn hình: Card rờiRTX 3050Ti 4GB\r\n• Cổng kết nối: Jack tai nghe 3.5 mmThunderbolt 4 USB-C3 x USB 3.2HDMILAN (RJ45)\r\n• Đặc biệt: Có đèn bàn phím\r\n• Hệ điều hành: Windows 10 Home SL\r\n• Thiết kế: Vỏ nhựa - nắp lưng bằng kim loại\r\n• Kích thước, trọng lượng: Dài 399 mm - Rộng 269 mm - Dày 23.9 mm - Nặng 2.6 kg\r\n• Thời điểm ra mắt: 2021\r\n', 2, './images/Asus/Laptop Asus TUF Gaming FX706HE.jpg', 'Đang cập nhập'),
(112, 'Laptop Asus ZenBook Duo UX482EA i7 ', 21100000, 0, '• CPU: i71165G72.8GHz\r\n• RAM: 16 GBLPDDR4X (On board)4267 MHz\r\n• Ổ cứng: SSD 1 TB M.2 PCIe\r\n• Màn hình: 14\"Full HD (1920 x 1080)\r\n• Card màn hình: Card tích hợpIntel Iris Xe\r\n• Cổng kết nối: 1 x USB 3.22 x Thunderbolt 4 USB-CHDMIJack tai nghe 3.5 mm\r\n• Đặc biệt: Có màn hình cảm ứngCó đèn bàn phím\r\n• Hệ điều hành: Windows 10 Home SL\r\n• Thiết kế: Vỏ kim loại\r\n• Kích thước, trọng lượng: Dài 324 mm - Rộng 222 mm - Dày 17.3 mm - Nặng 1.62 kg\r\n• Thời điểm ra mắt: 2021\r\n', 2, './images/Asus/Laptop Asus ZenBook Duo UX482EA.jpg', 'Còn hàng'),
(113, 'Laptop Asus VivoBook Pro 15 OLED K3500PC i7 ', 24300000, 0, '• CPU: i711370H3.3GHz\r\n• RAM: 16 GBDDR4 (On board)3200 MHz\r\n• Ổ cứng: 512 GB SSD NVMe PCIe (Có thể tháo ra, lắp thanh khác tối đa 2TB)\r\n• Màn hình: 15.6\"Full HD (1920 x 1080)\r\n• Card màn hình: Card rờiRTX 3050 4GB\r\n• Cổng kết nối: 1 x USB 3.22 x USB 2.0HDMIJack tai nghe 3.5 mmThunderbolt 4 USB-C\r\n• Đặc biệt: Có đèn bàn phím\r\n• Hệ điều hành: Windows 10 Home SL\r\n• Thiết kế: Vỏ kim loại\r\n• Kích thước, trọng lượng: Dài 359.8 mm - Rộng 235.3 mm - Dày 19.9 mm - Nặng 1.65 kg\r\n• Thời điểm ra mắt: 2021\r\n', 2, './images/Asus/Laptop Asus VivoBook Pro 15 OLED K3500PC.jpg', 'Còn hàng'),
(114, 'Laptop Asus TUF Gaming FX506HC I5 ', 17900000, 0, '• CPU: i511400H2.7GHz\r\n• RAM: 8 GBDDR4 2 khe (1 khe 8GB + 1 khe rời)2933 MHz\r\n• Ổ cứng: 512 GB SSD NVMe PCIeHỗ trợ thêm 1 khe cắm SSD M.2 PCIe mở rộng\r\n• Màn hình: 15.6\"Full HD (1920 x 1080)144Hz\r\n• Card màn hình: Card rờiRTX 3050 4GB\r\n• Cổng kết nối: Jack tai nghe 3.5 mmThunderbolt 4 USB-C3 x USB 3.2HDMILAN (RJ45)\r\n• Đặc biệt: Có đèn bàn phím\r\n• Hệ điều hành: Windows 10 Home SL\r\n• Thiết kế: Vỏ nhựa - nắp lưng bằng kim loại\r\n• Kích thước, trọng lượng: Dài 359 mm - Rộng 256 mm - Dày 24.9 mm - Nặng 2.3 kg\r\n• Thời điểm ra mắt: 2020\r\n', 2, './images/Asus/Asus TUF Gaming FX506HC.jpg', 'Còn hàng'),
(115, 'Laptop Dell Vostro 3400 i5', 17100000, 0, 'Bộ xử lý\r\n• Công nghệ CPU:Intel Core i5 Tiger Lake - 1135G7\r\n• Số nhân: 4\r\n• Số luồng: 8\r\n• Tốc độ CPU: 2.40 GHz\r\n• Tốc độ tối đa: Turbo Boost 4.2 GHz\r\n• Bộ nhớ đệm: 8 MB Bộ nhớ RAM, Ổ cứng\r\n• RAM: 8 GB\r\n• Loại RAM: DDR4 2 khe (1 khe 8GB + 1 khe rời)\r\n• Tốc độ Bus RAM: 2666 MHz\r\n• Hỗ trợ RAM tối đa: 16 GB\r\n• Ổ cứng: 256 GB SSD NVMe PCIeHỗ trợ khe cắm HDD SATA\r\n• Màn hình: 14 inch\r\n• Độ phân giải: Full HD (1920 x 1080)\r\n• Tần số quét:60 Hz\r\n• Công nghệ màn hình: Chống chói Anti GlareWVA\r\nĐồ họa và Âm thanh\r\n• Card màn hình: Card tích hợp - Intel Iris Xe Graphics\r\n• Công nghệ âm thanh: Realtek High Definition Audio\r\nCổng kết nối & tính năng mở rộng\r\n• Cổng giao tiếp: 2 x USB 3.2 HDMI Jack tai nghe 3.5 mm LAN (RJ45) USB 2.0\r\n• Kết nối không dây: BluetoothWi-Fi 802.11 a/b/g/n/ac\r\n• Khe đọc thẻ nhớ: SD\r\n• Webcam: HD webcam\r\n• Đèn bàn phím: Không có đèn\r\nKích thước & trọng lượng\r\n• Kích thước, trọng lượng: Dài 328.7 mm - Rộng 239.5 mm - Dày 19.9 mm - Nặng 1.64 kg\r\n• Chất liệu: Vỏ nhựa\r\nThông tin khác\r\n• Thông tin Pin: 3-cell Li-ion, 42 Wh\r\n• Hệ điều hành: Windows 10 Home SL + Office Home & Student 2019 vĩnh viễn\r\n• Thời điểm ra mắt: 2021\r\n', 3, './images/Dell/Laptop Dell Vostro.jpg\r\n', 'Còn hàng'),
(116, 'Laptop Dell Gaming G3 15 i7 ', 18300000, 17, '• CPU: i710750H2.6GHz\r\n• RAM: 16 GBDDR4 2 khe (1 khe 8GB + 1 khe 8GB)2933 MHz\r\n• Ổ cứng: 512 GB SSD NVMe PCIeHỗ trợ thêm 1 khe cắm SSD M.2 PCIe mở rộng\r\n• Màn hình: 15.6\"Full HD (1920 x 1080)120Hz\r\n• Card màn hình: Card rờiGTX 1660Ti 6GB\r\n• Cổng kết nối: 1 x USB 3.22 x USB 2.0HDMIJack tai nghe 3.5 mmLAN (RJ45)Mini DisplayPortThunderbolt 3\r\n• Đặc biệt: Có đèn bàn phím\r\n• Hệ điều hành: Windows 10 Home SL\r\n• Thiết kế: Vỏ nhựa\r\n• Kích thước, trọng lượng: Dài 364.46 mm - Rộng 254 mm - Dày 30.96 mm - Nặng 2.58 kg\r\n• Thời điểm ra mắt: 2020\r\n\r\n', 3, './images/Dell/Dell Gaming G3.jpg', 'Còn hàng'),
(117, 'Laptop Dell XPS 13 9310 i7 ', 24100000, 0, '• CPU: i71165G72.8GHz\r\n• RAM: 16 GBLPDDR4X (On board)4267 MHz\r\n• Ổ cứng: 512 GB SSD NVMe PCIe (Có thể tháo ra, lắp thanh khác tối đa 1TB)\r\n• Màn hình: 13.4\"4K/UHD+ (3840 x 2400)\r\n• Card màn hình:Card tích hợpIntel Iris Xe\r\n• Cổng kết nối: 2 x Thunderbolt 4 USB-CJack tai nghe 3.5 mm\r\n• Đặc biệt: Có màn hình cảm ứngCó đèn bàn phím\r\n• Hệ điều hành: Windows 10 Home SL\r\n• Thiết kế: Vỏ kim loại nguyên khối\r\n• Kích thước, trọng lượng: Dài 297 mm - Rộng 207 mm - Dày 14.35 mm - Nặng 1.27 kg\r\n• Thời điểm ra mắt: 2020\r\n', 3, './images/Dell/Laptop Dell XPS.jpg', 'Hết hàng'),
(118, 'Laptop Dell Latitude 3520 i7 ', 22270000, 0, '• CPU:  i71165G72.8GHz\r\n• RAM: 8 GBDDR4 2 khe (1 khe 8GB + 1 khe rời)3200 MHz\r\n• Ổ cứng: 512 GB SSD NVMe PCIe (Có thể tháo ra, lắp thanh khác tối đa 1TB)Hỗ trợ thêm 1 khe cắm HDD SATA (nâng cấp tối đa 1TB)\r\n• Màn hình: 15.6\"Full HD (1920 x 1080)\r\n• Card màn hình: Card tích hợpIntel Iris Xe\r\n• Cổng kết nối: 2 x USB 3.2HDMIJack tai nghe 3.5 mmLAN (RJ45)USB Type-C\r\n• Đặc biệt: Có đèn bàn phím\r\n• Hệ điều hành: Windows 10 Pro\r\n• Thiết kế: Vỏ nhựa\r\n• Kích thước, trọng lượng: Dài 361 mm - Rộng 240.9 mm - Dày 18 mm - Nặng 1.79 kg\r\n• Thời điểm ra mắt: 2021\r\n', 3, './images/Dell/aptop Dell Latitude.jpg', 'Hết hàng'),
(119, 'Laptop Dell Inspiron 7501 i5', 22220000, 0, '• CPU: i510300H2.5GHz\r\n• RAM: 8 GBDDR4 2 khe (1 khe 8GB onboard + 1 khe trống)2933 MHz\r\n• Ổ cứng: 512 GB SSD NVMe PCIeHỗ trợ thêm 1 khe cắm SSD M.2 PCIe mở rộng\r\n• Màn hình: 15.6\"Full HD (1920 x 1080)\r\n• Card màn hình: Card rờiGTX 1650Ti 4GB\r\n• Cổng kết nối:  Jack tai nghe 3.5 mm2 x USB 3.2HDMIUSB Type-C\r\n• Đặc biệt: Có đèn bàn phím\r\n• Hệ điều hành: Windows 10 Home SL\r\n• Thiết kế: Vỏ kim loại\r\n• Kích thước, trọng lượng: Dài 356.1 mm - Rộng 234.5 mm - Dày 18.9 mm - Nặng 1.9 kg\r\n• Thời điểm ra mắt: 2020\r\n', 3, './images/Dell/Laptop Dell Inspiron.jpg', 'Đang cập nhập'),
(120, 'Laptop Dell Gaming G15 5515 R7 ', 25220000, 0, '• CPU: Ryzen 75800H3.2GHz\r\n• RAM: 8 GBDDR4 2 khe (1 khe 8GB + 1 khe rời)3200 MHz\r\n• Ổ cứng: 512 GB SSD NVMe PCIe (Có thể tháo ra, lắp thanh khác tối đa 2TB (2280) / 1TB (2230))Không hỗ trợ khe cắm HDDKhông hỗ trợ khe cắm SSD M2 mở rộng thêm\r\n• Màn hình: 15.6\"Full HD (1920 x 1080)120Hz\r\n• Card màn hình: Card rờiRTX 3050 4GB\r\n• Cổng kết nối: 1 x USB 3.22 x USB 2.0HDMIJack tai nghe 3.5 mmLAN (RJ45)USB Type-C\r\n• Đặc biệt: Có đèn bàn phím\r\n• Hệ điều hành: Windows 10 Home SL + Office H&S 2019 vĩnh viễn\r\n• Thiết kế: Vỏ nhựa\r\n• Kích thước, trọng lượng: Dài 357.2 mm - Rộng 272.1 mm - Dày 26.9 mm - Nặng 2.81 kg\r\n• Thời điểm ra mắt: 2021\r\n', 3, './images/Dell/Laptop Dell Gaming G15.jpg', 'Đã đặt trước'),
(121, 'Laptop Dell Vostro 5410 i5 ', 28100000, 0, '• CPU: i511320H3.2GHz\r\n• RAM: 8 GBDDR4 2 khe (1 khe 8GB + 1 khe rời)3200 MHz\r\n• Ổ cứng: 512 GB SSD NVMe PCIe (Có thể tháo ra, lắp thanh khác tối đa 1TB)\r\n• Màn hình: 14\"Full HD (1920 x 1080)\r\n• Card màn hình: Card tích hợpIntel Iris Xe\r\n• Cổng kết nối: 2 x USB 3.2HDMIJack tai nghe 3.5 mmLAN (RJ45)USB Type-C\r\n• Đặc biệt: Có đèn bàn phím\r\n• Hệ điều hành: Windows 10 Home SL + Office H&S 2019 vĩnh viễn\r\n• Kích thước, trọng lượng: Dài 321.2 mm - Rộng 212.8 mm - Dày 17.9 mm - Nặng 1.44 kg\r\n• Thời điểm ra mắt: 2021\r\n', 3, './images/Dell/Laptop Dell Vostro 5410 i5.jpg', 'Còn hàng'),
(122, 'Laptop Dell Inspiron 14 5410 i5 ', 14100000, 0, '• CPU: i511320H3.2GHz\r\n• RAM: 8 GBDDR4 2 khe (1 khe 4GB + 1 khe 4GB)3200 MHz\r\n• Ổ cứng: 512 GB SSD NVMe PCIe (Có thể tháo ra, lắp thanh khác tối đa 2TB (2280) / 1TB (2230))\r\n• Màn hình: 14\"Full HD (1920 x 1080)\r\n• Card màn hình: Card tích hợpIntel Iris Xe\r\n• Cổng kết nối: 2 x USB 3.2HDMIJack tai nghe 3.5 mmUSB Type-C (Power Delivery and DisplayPort)\r\n• Đặc biệt: Có đèn bàn phím\r\n• Hệ điều hành: Windows 10 Home SL + Office H&S 2019 vĩnh viễn\r\n• Thiết kế: Vỏ nhựa - nắp lưng bằng kim loại\r\n• Kích thước, trọng lượng: Dài 321.3 mm - Rộng 212 mm - Dày 17.9 mm - Nặng 1.44 kg\r\n• Thời điểm ra mắt: 2021\r\n', 3, './images/Dell/Laptop Dell Inspiron 14.jpg', 'Còn hàng'),
(123, 'Laptop HP Envy 13 ba1030TU i7 \r\n', 21000000, 0, '• CPU: i71165G72.8GHz\r\n• RAM: 8 GBDDR4 (On board)2933 MHz\r\n• Ổ cứng: 512 GB SSD NVMe PCIe\r\n• Màn hình: 13.3\"Full HD (1920 x 1080)\r\n• Card màn hình: Card tích hợpIntel Iris Xe\r\n• Cổng kết nối: 2 x USB 3.1Jack tai nghe 3.5 mmThunderbolt 4 USB-C\r\n• Đặc biệt: Có đèn bàn phím\r\n• Hệ điều hành: Windows 10 Home SL + Office H&S 2019 vĩnh viễn\r\n• Thiết kế: Vỏ kim loại nguyên khối\r\n• Kích thước, trọng lượng: Dài 306.5 mm - Rộng 194.6 mm - Dày 16.9 mm - Nặng 1.236 kg\r\n• Thời điểm ra mắt: 2020\r\n\r\n', 4, './images/Hp/Laptop HP Envy 13 ba1030TU i7.jpg\r\n', 'Còn hàng'),
(124, 'Laptop HP Gaming VICTUS 16 e0175AX R5 ', 21210000, 0, '• CPU: Ryzen 55600H3.3GHz\r\n• RAM: 8 GBDDR4 2 khe (1 khe 4GB + 1 khe 4GB)3200 MHz\r\n• Ổ cứng: 512 GB SSD NVMe PCIe (Có thể tháo ra, lắp thanh khác tối đa 1TB)Hỗ trợ thêm 1 khe cắm SSD M.2 PCIe mở rộng (nâng cấp tối đa 1TB)Không hỗ trợ khe cắm HDD\r\n• Màn hình: 16.1\"Full HD (1920 x 1080)144Hz\r\n• Card màn hình: Card rờiRTX 3050 4GB\r\n• Cổng kết nối: 3x SuperSpeed USB AHDMIJack tai nghe 3.5 mmLAN (RJ45)USB Type-C\r\n• Đặc biệt: Có đèn bàn phím\r\n• Hệ điều hành: Windows 10 Home SL\r\n• Thiết kế: Vỏ nhựa\r\n• Kích thước, trọng lượng:\r\nDài 370 mm - Rộng 260 mm - Dày 23.5 mm - Nặng 2.46 kg\r\n• Thời điểm ra mắt: 09/2021\r\n', 4, './images/Hp/Laptop HP Gaming VICTUS 16 e0175AX R5.jpg', 'Còn hàng'),
(125, 'Laptop HP Omen 15 ek0078TX i7 ', 14400000, 0, '• CPU: i710750H2.6GHz\r\n• RAM: 16 GBDDR4 2 khe (1 khe 8GB + 1 khe 8GB)2933 MHz\r\n• Ổ cứng: SSD 1 TB M.2 PCIeHỗ trợ thêm 1 khe cắm SSD M.2 PCIe mở rộng\r\n• Màn hình: 15.6\"Full HD (1920 x 1080)300Hz\r\n• Card màn hình: Card rờiRTX 2070 Max-Q 8GB\r\n• Cổng kết nối: Jack tai nghe 3.5 mmHDMILAN (RJ45)Thunderbolt 3Mini DisplayPort3x SuperSpeed USB A\r\n• Đặc biệt: Có đèn bàn phím\r\n•Hệ điều hành: Windows 10 Home SL + Office H&S 2019 vĩnh viễn\r\n• Thiết kế: Kim loại và polycarbonate\r\n• Kích thước, trọng lượng: Dài 357.9 mm - Rộng 239.7 mm - Dày 22.5 mm - Nặng 2.36 kg\r\n• Thời điểm ra mắt: 2020\r\n', 4, './images/Hp/Laptop HP Omen 15 ek0078TX.jpg', ' Hết hàng'),
(126, 'Laptop HP ZBook Firefly 14 G8 i7 ', 23330000, 0, '• CPU: i71165G72.8GHz\r\n• RAM: 16 GBDDR4 (2 khe)3200 MHz\r\n• Ổ cứng: SSD 1 TB M.2 PCIe\r\n• Màn hình: 14\"Full HD (1920 x 1080)\r\n• Card màn hình: Card rờiNVIDIA QuadroT500, 4GB\r\n• Cổng kết nối: 2 x Thunderbolt 4 USB-C2x SuperSpeed USB AHDMIJack tai nghe 3.5 mm\r\n• Đặc biệt: Có đèn bàn phím\r\n• Hệ điều hành: Windows 10 Pro\r\n• Thiết kế: Vỏ kim loại\r\n• Kích thước, trọng lượng: Dài 323 mm - Rộng 214.6 mm - Dày 17.9 mm - Nặng 1.35 kg\r\n• Thời điểm ra mắt: 2021\r\n', 4, './images/Hp/Laptop HP ZBook Firefly 14 G8.jpg', 'Hết hàng'),
(127, 'Laptop HP EliteBook X360 830 G8 i7', 14000000, 0, '• CPU: i71165G72.8GHz\r\n• RAM: 16 GBDDR4 (On board)3200 MHz\r\n• Ổ cứng: 512 GB SSD NVMe PCIe\r\n• Màn hình: 13.3\"Full HD (1920 x 1080)\r\n• Card màn hình: Card tích hợpIntel Iris Xe\r\n• Cổng kết nối: 2 x Thunderbolt 4 USB-C2 x USB 3.1HDMIJack tai nghe 3.5 mm\r\n• Đặc biệt: Có màn hình cảm ứngCó đèn bàn phím\r\n• Hệ điều hành: Windows 10 Pro\r\n• Thiết kế: Vỏ kim loại\r\n• Kích thước, trọng lượng: Dài 307.6 mm - Rộng 205 mm - Dày 17.8 mm - Nặng 1.476 kg\r\n• Thời điểm ra mắt: 2021\r\n', 4, './images/Hp/Laptop HP EliteBook X360 830 G8.jpg', 'Còn hàng'),
(128, 'Laptop HP Pavilion Gaming 15 dk1159TX i7 ', 23450000, 0, 'Hãng không công bố chi tiết trên mạng', 4, './images/Hp/Laptop HP Pavilion Gaming 15 dk1159TX.jpg', 'Hết hàng'),
(129, 'Laptop HP 240 G8 i3 ', 2543000, 25, '• CPU: i31005G11.2GHz\r\n• RAM: 4 GBDDR4 (On board 4GB +1 khe rời)2666 MHz\r\n• Ổ cứng: 512 GB SSD NVMe PCIe\r\n• Màn hình: 14\"Full HD (1920 x 1080)\r\n• Card màn hình: Card tích hợpIntel UHD\r\n• Cổng kết nối: 2x SuperSpeed USB AHDMIJack tai nghe 3.5 mmLAN (RJ45)USB Type-C\r\n• Hệ điều hành: Windows 10 Home SL\r\n• Thiết kế: Vỏ nhựa\r\n• Kích thước, trọng lượng: Dài 324 mm - Rộng 225.9 mm - Dày 19.9 mm - Nặng 1.47 kg\r\n• Thời điểm ra mắt: 2021\r\n\r\n', 4, './images/Hp/Laptop HP Pavilion 15 eg0504TU.jpg\r\n', 'Đang cập nhập'),
(130, 'Laptop HP Pavilion 15 ', 23345000, 0, '• CPU: i71165G72.8GHz\r\n• RAM: 8 GBDDR4 2 khe (1 khe 4GB + 1 khe 4GB)3200 MHz\r\n• Ổ cứng: 512 GB SSD NVMe PCIeKhông hỗ trợ khe cắm HDD\r\n• Màn hình: 15.6\"Full HD (1920 x 1080)\r\n• Card màn hình: Card tích hợpIntel Iris Xe\r\n• Cổng kết nối: 2 x USB 3.1HDMIJack tai nghe 3.5 mmUSB Type-C\r\n• Hệ điều hành: Windows 11 Home SL\r\n• Thiết kế: Nắp lưng và chiếu nghỉ tay bằng kim loại\r\n• Kích thước, trọng lượng: Dài 360.2 mm - Rộng 234 mm - Dày 17.9 mm - Nặng 1.685 kg\r\n• Thời điểm ra mắt: 2021\r\n', 4, './images/Hp/Laptop HP Pavilion 15 eg0504TU.jpg', 'Hết hàng'),
(131, 'Ideapad 5 Pro 14ITL6 i5 ', 19500000, 0, ' Bộ xử lý\r\n• Công nghệ CPU: Intel Core i5 Tiger Lake - 1135G7\r\n• Số nhân: 4\r\n• Số luồng: 8\r\n• Tốc độ CPU: 2.40 GHz\r\n• Tốc độ tối đa:\r\nTurbo Boost 4.2 GHz\r\n• Bộ nhớ đệm: 8 MB \r\nBộ nhớ RAM, Ổ cứng\r\n• RAM: 8 GB\r\n• Loại RAM:\r\nDDR4 (On board)\r\n• Tốc độ Bus RAM: 3200 MHz\r\n• Hỗ trợ RAM tối đa: Không hỗ trợ nâng cấp\r\n• Ổ cứng: 512 GB SSD NVMe PCIe (Có thể tháo ra, lắp thanh khác tối đa 1TB (2280) / 512GB (2242))\r\n• Màn hình: 14 inch\r\n• Độ phân giải: 2.2K (2240x1400)\r\n• Tần số quét: 60 Hz\r\n• Công nghệ màn hình:\r\n100% sRGB\r\nChống chói Anti Glare\r\nCông nghệ IPS\r\nĐộ sáng 300 nits\r\nĐồ họa và Âm thanh\r\n• Card màn hình:\r\nCard rời - NVIDIA GeForce MX450, 2 GB\r\n• Công nghệ âm thanh:\r\nDolby Atmos\r\nCổng kết nối & tính năng mở rộng\r\n• Cổng giao tiếp:\r\n1 x USB 3.2\r\n1 x USB 3.2 (Always on)\r\n2 x USB Type-C (Power Delivery and DisplayPort)\r\nHDMI\r\n• Kết nối không dây: Bluetooth 5.1Wi-Fi 6 (802.11ax)\r\n• Khe đọc thẻ nhớ: SD\r\n• Webcam: Camera IR\r\n• Tính năng khác: Mở khóa khuôn mặtTPM 2.0\r\n• Đèn bàn phím: Có\r\nKích thước & trọng lượng\r\n• Kích thước, trọng lượng: Dài 312.2 mm - Rộng 221 mm - Dày 17.99 mm - Nặng 1.41 kg\r\n• Chất liệu: Vỏ kim loại \r\nThông tin khác\r\n• Thông tin Pin:56.5 Wh\r\n• Hệ điều hành: Windows 10 Home SL\r\n• Thời điểm ra mắt:2021\r\n', 5, './images/Lenovo/1/vi-vn-lenovo-ideapad-5-pro-14itl6-i5-82l30094vn-1.jpg\r\n', 'Còn hàng'),
(132, 'Yoga 9 14ITL5 i7', 21210000, 0, 'Bộ xử lý\r\n• Công nghệ CPU: Intel Core i7 Tiger Lake - 1185G7\r\n• Số nhân: 4\r\n• Số luồng: 8\r\n• Tốc độ CPU: 3.00 GHz\r\n• Tốc độ tối đa: Turbo Boost 4.8 GHz\r\n• Bộ nhớ đệm: 12 MB\r\nBộ nhớ RAM, Ổ cứng\r\n•RAM: 16 GB\r\n• Loại RAM: LPDDR4 (On board)\r\n• Tốc độ Bus RAM: 4266 MHz\r\n• Hỗ trợ RAM tối đa: Không hỗ trợ nâng cấp\r\n• Ổ cứng: 1 TB SSD M.2 PCIe\r\nMàn hình\r\n• Màn hình: 14 inch\r\n• Độ phân giải: 4K/UHD (3840 x 2160)\r\n• Tần số quét: Hãng không công bố\r\n• Công nghệ màn hình:\r\n500 nits Glossy\r\n90% DCI-P3\r\nHDR Vesa400\r\nTấm nền IPS\r\n• Màn hình cảm ứng:  Có\r\nĐồ họa và Âm thanh\r\n• Card màn hình: Card tích hợp - Intel Iris Xe Graphics\r\n• Công nghệ âm thanh: Dolby AtmosStereo speakers\r\nCổng kết nối & tính năng mở rộng\r\n• Cổng giao tiếp:\r\n1 x USB 3.2\r\n2 x Thunderbolt 4 USB-C\r\nJack tai nghe 3.5 mm\r\n• Kết nối không dây: Bluetooth 5.1Wi-Fi 6 (802.11ax)\r\n• Webcam: HD webcam\r\n• Tính năng khác:\r\nBảo mật vân tay\r\nCông tắc khóa camera\r\nMàn hình gập 360 độ\r\nTiêu chuẩn Nền Intel Evo\r\n• Đèn bàn phím: Có\r\nKích thước & trọng lượng\r\n• Kích thước, trọng lượng:\r\nDài 319.4 mm - Rộng 216.4 mm - Dày 15.7 mm - Nặng 1.37 kg\r\n• Chất liệu: Vỏ kim loại\r\nThông tin khác\r\n• Thông tin Pin: Li-Polymer, 60 Wh\r\n• Hệ điều hành: Windows 10 Home SL\r\n• Thời điểm ra mắt: 2021\r\n', 5, './images/Lenovo/2/vi-vn-lenovo-yoga-9-14itl5-i7-82bg006evn-8.jpg', 'Đang cập nhập'),
(133, 'YOGA Slim 7 Carbon 13ITL5 i7 ', 28000000, 0, 'Bộ xử lý\r\n• Công nghệ CPU: Intel Core i7 Tiger Lake - 1165G7\r\n• Số nhân: 4\r\n• Số luồng: 8\r\n• Tốc độ CPU: 2.80 GHz\r\n• Tốc độ tối đa: Turbo Boost 4.7 GHz\r\n• Bộ nhớ đệm: 12 MB\r\nBộ nhớ RAM, Ổ cứng\r\n• RAM: 16 GB\r\n• Loại RAM: LPDDR4X (On board)\r\n• Tốc độ Bus RAM: 4266 MHz\r\n• Hỗ trợ RAM tối đa: Không hỗ trợ nâng cấp\r\n• Ổ cứng: 1 TB SSD M.2 PCIe\r\nMàn hình\r\n• Màn hình: 13.3 inch\r\n• Độ phân giải: QHD (2560 x 1600)\r\n• Tần số quét: Hãng không công bố\r\n• Công nghệ màn hình:\r\n100% sRGB\r\n300 nits Glossy\r\nChống chói Anti Glare\r\nDolby Vision\r\nTấm nền IPS\r\nĐồ họa và Âm thanh\r\n• Card màn hình: Card tích hợp - Intel Iris Xe Graphics\r\n• Công nghệ âm thanh: Audio by Harman/KardonDolby Atmos\r\nCổng kết nối & tính năng mở rộng\r\n• Cổng giao tiếp:\r\n2 x Thunderbolt 4 USB-C\r\nJack tai nghe 3.5 mm\r\nUSB Type-C\r\n• Kết nối không dây: Bluetooth 5.0Wi-Fi 6 (802.11ax)\r\n• Webcam: Camera IRHD webcam\r\n• Tính năng khác:\r\nBản lề mở 180 độ\r\nMở khóa khuôn mặt\r\nTiêu chuẩn Nền Intel Evo\r\nĐộ bền chuẩn quân đội MIL STD 810G\r\n• Đèn bàn phím: Có\r\nKích thước & trọng lượng\r\n• Kích thước, trọng lượng:\r\nDài 295.88 mm - Rộng 208.85 mm - Dày 15 mm - Nặng 0.966 kg\r\n• Chất liệu: Mặt lưng Carbon - Chiếu nghỉ tay bằng Nhôm Magie\r\nThông tin khác\r\n• Thông tin Pin: Li-Polymer, 50 Wh\r\n• Hệ điều hành: Windows 10 Home SL\r\n• Thời điểm ra mắt: 2020\r\n', 5, './images/Lenovo/3/lenovo-yoga-slim-7-carbon-13itl5-i7-82ev0017vn-250321-0139546.jpg', 'Còn hàng'),
(134, 'Yoga Duet 7 13ITL6 i5 ', 24300000, 0, 'Bộ xử lý\r\n• Công nghệ CPU: Intel Core i5 Tiger Lake - 1135G7\r\n• Số nhân: 4\r\n• Số luồng: 8\r\n• Tốc độ CPU: 2.40 GHz\r\n• Tốc độ tối đa: Turbo Boost 4.2 GHz\r\n• Bộ nhớ đệm: 8 MB\r\nBộ nhớ RAM, Ổ cứng\r\n• RAM: 8 GB\r\n• Loại RAM: DDR4 (On board)\r\n• Tốc độ Bus RAM: 3200 MHz\r\n• Hỗ trợ RAM tối đa: Không hỗ trợ nâng cấp\r\n• Ổ cứng: SSD 512 GB NVMe PCIe\r\nMàn hình\r\n• Màn hình: 13 inch\r\n• Độ phân giải: WQHD (2160x1350)\r\n• Tần số quét: Hãng không công bố\r\n• Công nghệ màn hình:\r\n450 nits Glossy\r\nGorilla 3\r\nTấm nền IPS\r\n• Màn hình cảm ứng: Có\r\nĐồ họa và Âm thanh\r\n• Card màn hình: Card tích hợp - Intel Iris Xe Graphics\r\n• Công nghệ âm thanh: Dolby AudioPremium\r\nCổng kết nối & tính năng mở rộng\r\n• Cổng giao tiếp:\r\nJack tai nghe 3.5 mm\r\nThunderbolt 4 USB-C\r\nUSB-C 3.2 Gen 1 (support data transfer and Always On)\r\nUSB-C 3.2 Gen 1 (support data transfer and Power Delivery 3.0)\r\n• Kết nối không dây: Bluetooth 5.0Wi-Fi 6 (802.11ax)\r\n• Khe đọc thẻ nhớ: Micro SD\r\n• Webcam: Camera IRSau 5 MP, trước 5 MP\r\n• Tính năng khác: Digital PenMở khóa khuôn mặt\r\n• Đèn bàn phím: Có\r\nKích thước & trọng lượng\r\n• Kích thước, trọng lượng:\r\nDài 297.4 mm - Rộng 207.4 mm - Dày 9.19 mm - Nặng 1.1683 kg\r\n• Chất liệu: Vỏ kim loại\r\nThông tin khác\r\n• Thông tin Pin: 41 Wh\r\n• Hệ điều hành: Windows 10 Home SL\r\n• Thời điểm ra mắt: 2021\r\n', 5, './images/Lenovo/4/vi-vn-lenovo-yoga-duet-7-13itl6-i5-82ma000pvn-5.jpg', 'Còn hàng'),
(138, 'Ideapad 3 14IML05 i3 ', 19000000, 0, 'Bộ xử lý\r\n• Công nghệ CPU: Intel Core i3 Comet Lake - 10110U\r\n• Số nhân: 2\r\n• Số luồng: 4\r\n• Tốc độ CPU: 2.10 GHz\r\n• Tốc độ tối đa: Turbo Boost 4.1 GHz\r\n• Bộ nhớ đệm: 4 MB\r\nBộ nhớ RAM, Ổ cứng\r\n• RAM: 8 GB\r\n• Loại RAM: DDR4 (On board 4GB +1 khe 4GB)\r\n• Tốc độ Bus RAM: 2666 MHz\r\n• Hỗ trợ RAM tối đa: 12 GB\r\n• Ổ cứng: SSD 256 GB NVMe PCIeHỗ trợ khe cắm HDD SATA\r\nMàn hình\r\n• Màn hình: 14 inch\r\n• Độ phân giải: Full HD (1920 x 1080)\r\n• Tần số quét: 60 Hz\r\n• Công nghệ màn hình:\r\n  250 nits\r\n  Tấm nền IPS\r\n  Chống chói Anti Glare\r\n  Đồ họa và Âm thanh\r\n• Card màn hình: Card tích hợp - Intel UHD Graphics\r\n• Công nghệ âm thanh: High Definition (HD) AudioDolby Audio\r\nCổng kết nối & tính năng mở rộng\r\n• Cổng giao tiếp: \r\n  Jack tai nghe 3.5 mm\r\n  2 x USB 3.2\r\n  HDMI\r\n  USB 2.0\r\n• Kết nối không dây: Bluetooth 5.0Wi-Fi 802.11 a/b/g/n/ac\r\n• Khe đọc thẻ nhớ: SD\r\n• Webcam: HD webcam\r\n• Tính năng khác: Bản lề mở 180 độCông tắc khóa camera\r\n• Đèn bàn phím: Không có đèn\r\nKích thước & chất liệu\r\n• Kích thước, trọng lượng: Dài 327.1 mm - Rộng 241 mm - Dày 19.9 mm - Nặng 1.5 kg\r\n• Chất liệu: Vỏ nhựa\r\nThông tin khác\r\n• Thông tin Pin: 2-cell Li-ion, 35 Wh\r\n• Hệ điều hành: Windows 10 Home SL\r\n• Thời điểm ra mắt: 2020\r\n\r\n\r\n\r\n', 5, './images/Lenovo/8/vi-vn-lenovo-ideapad-3-14iml05-i3-81wa00hpvn-8.jpg', 'Còn hàng'),
(145, 'ThinkBook 14s Yoga ITL i7 ', 21000000, 0, 'Bộ xử lý\r\n• Công nghệ CPU: Intel Core i7 Tiger Lake - 1165G7\r\n• Số nhân: 4\r\n• Số luồng: 8\r\n• Tốc độ CPU: 2.80 GHz\r\n• Tốc độ tối đa: Turbo Boost 4.7 GHz\r\n• Bộ nhớ đệm: 12 MB\r\nBộ nhớ RAM, Ổ cứng\r\n• RAM: 8 GB\r\n• Loại RAM: DDR4 2 khe (1 khe 8GB onboard + 1 khe trống)\r\n• Tốc độ Bus RAM: 3200 MHz\r\n• Hỗ trợ RAM tối đa: 40 GB\r\n• Ổ cứng: Hỗ trợ thêm 1 khe cắm SSD M.2 PCIe mở rộng (nâng cấp tối đa 1TB)512 GB SSD NVMe PCIe (Có thể tháo ra, lắp thanh khác tối đa 1TB)\r\nMàn hình\r\n• Màn hình: 14 inch\r\n• Độ phân giải: Full HD (1920 x 1080)\r\n• Công nghệ màn hình:\r\n100% sRGB\r\nTấm nền IPS\r\nĐộ sáng 300 nits\r\n• Màn hình cảm ứng: Có\r\nĐồ họa và Âm thanh\r\n• Card màn hình: Card tích hợp - Intel Iris Xe Graphics\r\n• Công nghệ âm thanh: Dolby AudioSound by Dynaudio\r\nCổng kết nối & tính năng mở rộng\r\n• Cổng giao tiếp:\r\n1 x USB 3.2\r\n1 x USB 3.2 (Always on)\r\nHDMI\r\nJack tai nghe 3.5 mm\r\nThunderbolt 4 USB-C\r\nUSB Type-C (support data transfer, Power Delivery 3.0 and DisplayPort 1.4)\r\n• Kết nối không dây: Bluetooth 5.1Wi-Fi 6 (802.11ax)\r\n• Khe đọc thẻ nhớ: Micro SD\r\n• Webcam: HD webcam\r\n• Tính năng khác:\r\nBút cảm ứng\r\nBảo mật vân tay\r\nCông tắc khóa camera\r\n• Đèn bàn phím: Có\r\nKích thước & trọng lượng\r\n• Kích thước, trọng lượng: Dài 320 mm - Rộng 216 mm - Dày 16.9 mm - Nặng 1.5 kg\r\n• Chất liệu: Vỏ kim loại\r\nThông tin khác\r\n• Thông tin Pin: 60Wh\r\n• Hệ điều hành:Windows 10 Home SL\r\n• Thời điểm ra mắt: 2021', 5, './images/Lenovo/5/vi-vn-lenovo-thinkbook-14s-yoga-itl-i7-20we004evn-7.jpg', 'Còn hàng'),
(146, 'Ideapad Gaming 3 15IMH05 i7 ', 28220000, 0, 'Bộ xử lý\r\n• Công nghệ CPU: Intel Core i7 Comet Lake - 10750H\r\n• Số nhân: 6\r\n• Số luồng: 12\r\n• Tốc độ CPU: 2.60 GHz\r\n• Tốc độ tối đa: Turbo Boost 5.0 GHz\r\n• Bộ nhớ đệm: 12 MB\r\nBộ nhớ RAM, Ổ cứng\r\n• RAM: 8 GB\r\n• Loại RAM: DDR4 (2 khe)\r\n• Tốc độ Bus RAM: 2933 MHz\r\n• Hỗ trợ RAM tối đa: 16 GB\r\n• Ổ cứng: SSD 512 GB NVMe PCIeHỗ trợ khe cắm HDD SATA\r\nMàn hình\r\n• Độ dài: 15.6 inch\r\n• Độ phân giải: Full HD (1920 x 1080)\r\n• Tần số quét: 120 Hz\r\n• Công nghệ màn hình:\r\n  Tấm nền IPS\r\n  Chống chói Anti-Glare\r\n  250 nits\r\nĐồ họa và Âm thanh\r\n• Card màn hình: Card rời - NVIDIA GeForce GTX 1650Ti 4 GB\r\n• Công nghệ âm thanh: Dolby Audio\r\nCổng kết nối & tính năng mở rộng\r\n• Cổng giao tiếp:\r\n  Jack tai nghe 3.5 mm\r\n  2 x USB 3.2\r\n  HDMI\r\n  LAN (RJ45)\r\n  USB Type-C\r\n• Kết nối không dây: Bluetooth 5.0Wi-Fi 6 (802.11ax)\r\n• Webcam: HD webcam\r\n• Tính năng khác: Công tắc khóa camera\r\n• Đèn bàn phím: Có\r\nKích thước & trọng lượng\r\n• Kích thước, trọng lượng: Dài 359 mm - Rộng 249.6 mm - Dày 24.9 mm - Nặng 2.2 kg\r\n• Chất liệu: Vỏ nhựa\r\nThông tin khác\r\n• Thông tin Pin: 45 Wh\r\n• Hệ điều hành: Windows 10 Home SL\r\n• Thời điểm ra mắt: 2020\r\n', 5, './images/Lenovo/6/vi-vn-lenovo-ideapad-gaming-3-15imh05-i7-81y4013uvn-4-1.jpeg', 'Còn hàng'),
(147, 'IdeaPad Gaming 3 15IMH05 i5 ', 14440000, 0, 'Bộ xử lý\r\n• Công nghệ CPU: Intel Core i5 Comet Lake - 10300H\r\n• Số nhân: 4\r\n• Số luồng: 8\r\n• Tốc độ CPU: 2.50 GHz\r\n• Tốc độ tối đa: Turbo Boost 4.5 GHz\r\n• Bộ nhớ đệm: 8 MB\r\nBộ nhớ RAM, Ổ cứng\r\n• RAM: 8 GB\r\n• Loại RAM: DDR4 (2 khe)\r\n• Tốc độ Bus RAM: 2933 MHz\r\n• Hỗ trợ RAM tối đa: 16 GB\r\n• Ổ cứng: SSD 512 GB NVMe PCIeHỗ trợ khe cắm HDD SATA\r\nMàn hình\r\n• Màn hình: 15.6 inch\r\n• Độ phân giải: Full HD (1920 x 1080)\r\n• Tần số quét: 120 Hz\r\n• Công nghệ màn hình:\r\n  Tấm nền IPS\r\n  Chống chói Anti-Glare\r\n  250 nits\r\nĐồ họa và Âm thanh\r\n• Card màn hình: Card rời - NVIDIA GeForce GTX 1650Ti 4 GB\r\n• Công nghệ âm thanh: Dolby AudioPremium\r\nCổng kết nối & tính năng mở rộng\r\n• Cổng giao tiếp:\r\nJack tai nghe 3.5 mm\r\nHDMI\r\nLAN (RJ45)\r\n2 x USB 3.1\r\nUSB Type-C\r\n• Kết nối không dây: Bluetooth 5.0Wi-Fi 6 (802.11ax)\r\n• Webcam: HD webcam\r\n• Tính năng khác: Công tắc khóa camera\r\n• Đèn bàn phím: Có\r\nKích thước & trọng lượng\r\n• Kích thước, trọng lượng:\r\nDài 351 mm - Rộng 240 mm - Dày 24.9 mm - Nặng 2.2 kg\r\n• Chất liệu: Vỏ nhựa\r\nThông tin khác\r\n• Thông tin Pin: 3-cell Polymer, 45 Wh\r\n• Hệ điều hành: Windows 10 Home SL\r\n• Thời điểm ra mắt:\r\n2020\r\n', 5, './images/Lenovo/7/vi-vn-lenovo-ideapad-gaming-3-15imh05-i5-81y4013vvn-9.jpg', 'Hết hàng'),
(148, 'Gram 17 2021 i7 1165G7', 12300000, 0, ' Bộ xử lý\r\n• Công nghệ CPU: Intel Core i7 Tiger Lake - 1165G7\r\n• Số nhân: 4\r\n• Số luồng: 8\r\n• Tốc độ CPU: 2.80 GHz\r\n• Tốc độ tối đa: Turbo Boost 4.7 GHz\r\n• Bộ nhớ đệm: 12 MB\r\nBộ nhớ RAM, Ổ cứng\r\n• RAM: 16 GB\r\n• Loại RAM: LPDDR4X (On board)\r\n• Tốc độ Bus RAM: 4266 MHz\r\n• Hỗ trợ RAM tối đa: Không hỗ trợ nâng cấp\r\n• Ổ cứng: 1 TB SSD M.2 PCIeHỗ trợ thêm 1 khe cắm SSD M.2 PCIe mở rộng\r\n Màn hình\r\n• Độ dài: 17 inch\r\n• Độ phân giải: WQXGA (2560 x 1600)\r\n• Công nghệ màn hình:\r\n  60Hz\r\n  Chống chói Anti Glare\r\n  Tấm nền IPS\r\n  Đồ họa và Âm thanh\r\n• Card màn hình: Card tích hợp - Intel Iris Xe Graphics\r\n• Công nghệ âm thanh: DTS X:Ultra Audio\r\nCổng kết nối & tính năng mở rộng\r\n• Cổng giao tiếp:\r\n  2 x Thunderbolt 4 USB-C\r\n  2 x USB 3.2\r\n  HDMI\r\n  Jack tai nghe 3.5 mm\r\n• Kết nối không dây: Bluetooth 5.1Wi-Fi 6 (802.11ax)\r\n• Khe đọc thẻ nhớ: Micro SD\r\n• Webcam: HD webcam\r\n• Tính năng khác:\r\n  Bảo mật vân tay\r\n  Tiêu chuẩn Nền Intel Evo\r\n  Độ bền chuẩn quân đội MIL STD 810G\r\n• Đèn bàn phím: Có\r\nKích thước & chất liệu\r\n• Kích thước, trọng lượng: Dài 380.2 mm - Rộng 260.1 mm - Dày 17.8 mm - Nặng 1.35 kg\r\n• Chất liệu: Hợp kim Nano Carbon – Magie\r\nThông tin khác\r\n• Thông tin Pin: 2-cell Li-ion, 80 Wh\r\n• Hệ điều hành: Windows 10 Home Standard\r\n• Thời điểm ra mắt: 2021\r\n\r\n', 6, './images/LG/1/vi-vn-lg-gram-17-i7-17z90pgah78a5-7.jpg\r\n', 'Hết hàng'),
(149, 'Gram 16 2021 i7 1165G7', 17400000, 0, ' Bộ xử lý\r\n• Công nghệ CPU: Intel Core i7 Tiger Lake - 1165G7\r\n• Số nhân: 4\r\n• Số luồng: 8\r\n• Tốc độ CPU: 2.80 GHz\r\n• Tốc độ tối đa: Turbo Boost 4.7 GHz\r\n• Bộ nhớ đệm: 12 MB\r\n Bộ nhớ RAM, Ổ cứng\r\n• RAM: 16 GB\r\n• Loại RAM: LPDDR4X (On board)\r\n• Tốc độ Bus RAM: 4266 MHz\r\n• Hỗ trợ RAM tối đa: Không hỗ trợ nâng cấp\r\n• Ổ cứng: SSD 512 GB NVMe PCIeHỗ trợ thêm 1 khe cắm SSD M.2 PCIe mở rộng\r\nMàn hình\r\n• Màn hình: 16 inch\r\n• Độ phân giải: WQXGA (2560 x 1600)\r\n• Tần số quét: 60 Hz\r\n• Công nghệ màn hình: Chống chói Anti \r\n  GlareTấm nền IPS\r\n  Đồ họa và Âm thanh\r\n• Card màn hình: Card tích hợp - Intel Iris Xe Graphics\r\n• Công nghệ âm thanh: DTS X:Ultra Audio\r\nCổng kết nối & tính năng mở rộng\r\n• Cổng giao tiếp:\r\n  2 x Thunderbolt 4 USB-C\r\n  2 x USB 3.2\r\n  HDMI\r\n  Jack tai nghe 3.5 mm\r\n• Kết nối không dây: Bluetooth 5.1Wi-Fi 6 (802.11ax)\r\n• Khe đọc thẻ nhớ: Micro SD\r\n• Webcam: HD webcam\r\n• Tính năng khác: Bảo mật vân tayTiêu chuẩn Nền Intel Evo\r\n• Đèn bàn phím: Có\r\nKích thước & trọng lượng\r\n• Kích thước, trọng lượng: Dài 355.9 mm - Rộng 243.4 mm - Dày 16.8 mm - Nặng 1.19 kg\r\n• Chất liệu: Hợp kim Nano Carbon - Magie\r\nThông tin khác\r\n• Thông tin Pin: 2-cell Li-ion, 80 Wh\r\n• Hệ điều hành: Windows 10 Home Standard\r\n• Thời điểm ra mắt: 2021\r\n', 6, './images/LG/2/lg-gram-16-i7-16z90pgah75a5-120821-1023382.jpg', 'Còn hàng'),
(150, 'Laptop LG gram 2020 14Z90N', 13400000, 0, ' Bộ xử lý\r\n• Công nghệ CPU: Intel Core i7 Tiger Lake - 1165G7\r\n• Số nhân: 4\r\n• Số luồng: 8\r\n• Tốc độ CPU: 2.80 GHz\r\n• Tốc độ tối đa: Turbo Boost 4.7 GHz\r\n• Bộ nhớ đệm: 12 MB\r\nBộ nhớ RAM, Ổ cứng\r\n• RAM: 16 GB\r\n• Loại RAM: LPDDR4X (On board)\r\n• Tốc độ Bus RAM: 4266 MHz\r\n• Hỗ trợ RAM tối đa: Không hỗ trợ nâng cấp\r\n• Ổ cứng: SSD 512 GB NVMe PCIeHỗ trợ thêm 1 khe cắm SSD M.2 PCIe mở rộng\r\n Màn hình\r\n• Độ dài :17 inch\r\n• Độ phân giải: WQXGA (2560 x 1600)\r\n• Công nghệ màn hình:\r\n   60Hz\r\n   Chống chói Anti Glare\r\n   Tấm nền IPS\r\n Đồ họa và Âm thanh\r\n• Card màn hình: Card tích hợp - Intel Iris Xe Graphics\r\n• Công nghệ âm thanh: DTS X:Ultra Audio\r\nCổng kết nối & tính năng mở rộng\r\n• Cổng giao tiếp:\r\n   2 x Thunderbolt 4 USB-C\r\n   2 x USB 3.2\r\n   HDMI \r\n   Jack tai nghe 3.5 mm\r\n• Kết nối không dây: Bluetooth 5.1Wi-Fi 6 (802.11ax)\r\n• Khe đọc thẻ nhớ: Micro SD\r\n• Webcam: HD webcam\r\n• Tính năng khác:\r\n   Bảo mật vân tay\r\n   Tiêu chuẩn Nền Intel Evo\r\n   Độ bền chuẩn quân đội MIL STD 810G\r\n• Đèn bàn phím: Có\r\n Kích thước & chất liệu\r\n• Kích thước, trọng lượng: Dài 380.2 mm - Rộng 260.1 mm - Dày 17.8 mm - Nặng 1.35 kg\r\n• Chất liệu: Hợp kim Nano Carbon - Magie\r\nThông tin khác\r\n• Thông tin Pin: 2-cell Li-ion, 80 Wh\r\n• Hệ điều hành: Windows 10 Home Standard\r\n• Thời điểm ra mắt: 2021\r\n', 6, './images/LG/3/lg-gram-17-i7-17z90pgah76a5-070521-1108453.jpg', 'Hết hàng'),
(151, 'Laptop LG gram 2021 17Z90P', 21300000, 0, ' Bộ xử lý\r\n• Công nghệ CPU: Intel Core i7 Tiger Lake - 1165G7\r\n• Số nhân: 4\r\n• Số luồng: 8\r\n• Tốc độ CPU: 2.80 GHz\r\n• Tốc độ tối đa: Turbo Boost 4.7 GHz\r\n• Bộ nhớ đệm: 12 MB\r\n Bộ nhớ RAM, Ổ cứng\r\n• RAM: 16 GB\r\n• Loại RAM: LPDDR4X (On board)\r\n• Tốc độ Bus RAM: 4266 MHz\r\n• Hỗ trợ RAM tối đa: Không hỗ trợ nâng cấp\r\n• Ổ cứng: SSD 256 GB NVMe PCIeHỗ trợ thêm 1 khe cắm SSD M.2 PCIe mở rộng\r\nMàn hình\r\n• Màn hình: 16 inch\r\n• Độ phân giải: WQXGA (2560 x 1600)\r\n• Tần số quét: 60 Hz\r\n• Công nghệ màn hình: Chống chói Anti GlareTấm nền IPS\r\nĐồ họa và Âm thanh\r\n• Card màn hình: Card tích hợp - Intel Iris Xe Graphics\r\n• Công nghệ âm thanh: DTS X:Ultra Audio\r\nCổng kết nối & tính năng mở rộng\r\n• Cổng giao tiếp:\r\n   2 x Thunderbolt 4 USB-C\r\n   2 x USB 3.2\r\n   HDMI\r\nJack tai nghe 3.5 mm\r\n• Kết nối không dây: Bluetooth 5.1Wi-Fi 6 (802.11ax)\r\n• Khe đọc thẻ nhớ: Micro SD\r\n• Webcam: HD webcam\r\n• Tính năng khác: Bảo mật vân tayTiêu chuẩn Nền Intel Evo\r\n• Đèn bàn phím: Có\r\nKích thước & Chất liệu\r\n• Kích thước, trọng lượng: Dài 355.9 mm - Rộng 243.4 mm - Dày 16.8 mm - Nặng 1.19 kg\r\n• Chất liệu: Hợp kim Nano Carbon - Magie\r\nThông tin khác\r\n• Thông tin Pin: 2-cell Li-ion, 80 Wh\r\n• Hệ điều hành: Windows 10 Home Standard\r\n• Thời điểm ra mắt: 2021\r\n', 6, './images/LG/4/vi-vn-lg-gram-16-i7-16z90pgah73a5-8.jpg', 'Còn hàng'),
(152, 'Gram 14 2021 i7 1165G7', 23000000, 0, ' Bộ xử lý\r\n• Công nghệ CPU: Intel Core i7 Tiger Lake - 1165G7\r\n• Số nhân: 4\r\n• Số luồng: 8\r\n• Tốc độ CPU: 2.80 GHz\r\n• Tốc độ tối đa: Turbo Boost 4.7 GHz\r\n• Bộ nhớ đệm: 12 MB\r\n Bộ nhớ RAM, Ổ cứng\r\n• RAM: 16 GB\r\n• Loại RAM: LPDDR4X (On board)\r\n• Tốc độ Bus RAM: 4266 MHz\r\n• Hỗ trợ RAM tối đa: Không hỗ trợ nâng cấp\r\n• Ổ cứng: Hỗ trợ thêm 1 khe cắm SSD M.2 PCIe mở rộngSSD 512 GB NVMe PCIe\r\n Màn hình\r\n• Độ dài: 14 inch\r\n• Độ phân giải: WUXGA (1920 x 1200)\r\n• Tần số quét: 60 Hz\r\n• Công nghệ màn hình: Chống chói Anti GlareTấm nền IPS\r\nĐồ họa và Âm thanh\r\n• Card màn hình: Card tích hợp - Intel Iris Xe Graphics\r\n• Công nghệ âm thanh: DTS X:Ultra Audio\r\nCổng kết nối & tính năng mở rộng\r\n• Cổng giao tiếp:\r\n   2 x Thunderbolt 4 USB-C\r\n   2 x USB 3.2\r\n   HDMI\r\n   Jack tai nghe 3.5 mm\r\n• Kết nối không dây: Bluetooth 5.1Wi-Fi 6 (802.11ax)\r\n• Khe đọc thẻ nhớ: Micro SD\r\n• Webcam: HD webcam\r\n• Tính năng khác: Bảo mật vân tayTiêu chuẩn Nền Intel Evo\r\n• Đèn bàn phím: Có\r\nKích thước & chất liệu\r\n• Kích thước, trọng lượng: Dài 313.4 mm - Rộng 215.2 mm - Dày 16.8 mm - Nặng 0.999 kg\r\n• Chất liệu: Hợp kim Nano Carbon - Magie\r\nThông tin khác\r\n• Thông tin Pin: 4-cell Li-ion, 72 Wh\r\n• Hệ điều hành: Windows 10 Home Standard\r\n• Thời điểm ra mắt: 2020\r\n', 6, './images/LG/5/lg-gram-14-i7-14z90pgah75a5-120821-0408310.jpg', 'Còn hàng'),
(153, 'Air M1 2020 8GB/256GB/7-core GPU', 12300000, 0, ' Bộ xử lý\r\n• Công nghệ CPU: Apple M1 - Hãng không công bố\r\n• Số nhân: Hãng không công bố\r\n• Số luồng: Hãng không công bố\r\n• Tốc độ CPU: Hãng không công bố\r\n• Tốc độ tối đa: Hãng không công bố\r\n• Bộ nhớ đệm: Hãng không công bố\r\nBộ nhớ RAM, Ổ cứng\r\n• RAM: 8 GB\r\n• Loại RAM: Hãng không công bố\r\n• Tốc độ Bus RAM: Hãng không công bố\r\n• Hỗ trợ RAM tối đa: Không hỗ trợ nâng cấp\r\n• Ổ cứng: 256 GB SSD\r\n Màn hình\r\n• Màn hình: 13.3 inch\r\n• Độ phân giải: Retina (2560 x 1600)\r\n• Tần số quét: Hãng không công bố\r\n• Công nghệ màn hình:\r\n   400 nits\r\n   Công nghệ IPS\r\n   LED Backlit\r\n   True Tone Technology\r\nĐồ họa và Âm thanh\r\n• Card màn hình: Card tích hợp - 7 nhân GPU\r\n• Công nghệ âm thanh:\r\n  3 microphones\r\n  Headphones\r\n  Loa kép (2 kênh)\r\nCổng kết nối & tính năng mở rộng\r\n• Cổng giao tiếp: 2 x Thunderbolt 3 (USB-C)Jack tai nghe 3.5 mm\r\n• Kết nối không dây: Bluetooth 5.0Wi-Fi 6 (802.11ax)\r\n• Webcam: 720p FaceTime Camera\r\n• Đèn bàn phím: Có\r\n• Tính năng khác: Bảo mật vân tay\r\nKích thước & trọng lượng\r\n• Kích thước, trọng lượng: Dài 304.1 mm - Rộng 212.4 mm - Dày 4.1 mm đến 16.1 mm - Nặng 1.29 kg\r\n• Chất liệu: Vỏ kim loại nguyên khối\r\nThông tin khác\r\n• Thông tin Pin: Khoảng 10 tiếng\r\n• Hệ điều hành: Mac OS\r\n• Thời điểm ra mắt: 2020\r\n', 7, './images/Mac/1/macbook-air-m1-2020-silver-01-org.jpg\r\n', 'Hết hàng'),
(154, 'Pro M1 2020 16GB/512GB (Z11C)', 25500500, 0, ' Bộ xử lý\r\n• Công nghệ CPU: Apple M1 - Hãng không công bố\r\n• Số nhân: Hãng không công bố\r\n• Số luồng: Hãng không công bố\r\n• Tốc độ CPU: Hãng không công bố\r\n• Tốc độ tối đa: Hãng không công bố\r\n• Bộ nhớ đệm: Hãng không công bố\r\n Bộ nhớ RAM, Ổ cứng\r\n• RAM: 16 GB\r\n• Loại RAM: Hãng không công bố\r\n• Tốc độ Bus RAM: Hãng không công bố\r\n• Hỗ trợ RAM tối đa: Không hỗ trợ nâng cấp\r\n• Ổ cứng: 512 GB SSD\r\n Màn hình\r\n• Màn hình: 13.3 inch\r\n• Độ phân giải: Retina (2560 x 1600)\r\n• Tần số quét: Hãng không công bố\r\n• Công nghệ màn hình:\r\n   500 nits brightness\r\n   LED Backlit\r\n   Retina\r\n   True Tone Technology\r\n   Tấm nền IPS\r\n Đồ họa và Âm thanh\r\n• Card màn hình: Card tích hợp - 8 nhân GPU\r\n• Công nghệ âm thanh:\r\n   3 microphones\r\n   Dolby Atmos\r\n   Loa kép (2 kênh)\r\n Cổng kết nối & tính năng mở rộng\r\n• Cổng giao tiếp: 2 x Thunderbolt 3 (USB-C)Jack tai nghe 3.5 mm\r\n• Kết nối không dây: Bluetooth 5.0Wi-Fi 6 (802.11ax)\r\n• Webcam: HD webcam\r\n• Tính năng khác: Bảo mật vân tay\r\n• Đèn bàn phím: Có\r\n Kích thước & trọng lượng\r\n• Kích thước, trọng lượng: Dài 304.1 mm - Rộng 212.4 mm - Dày 15.6 mm - Nặng 1.4 kg\r\n• Chất liệu: Vỏ kim loại nguyên khối\r\nThông tn khác\r\n• Thông tin Pin: Khoảng 10 tiếng\r\n• Hệ điều hành: Mac OS\r\n• Thời điểm ra mắt: 2020\r\n\r\n', 7, './images/Mac/2/macbook-pro-m1-2020-silver-01-org.jpg', 'Hết hàng'),
(155, 'Pro 16 M1 Max 2021 10 core', 21500500, 0, ' Bộ xử lý\r\n• Công nghệ CPU: Apple M1 Max - Hãng không công bố\r\n• Số nhân: 10\r\n• Số luồng: Hãng không công bố\r\n• Tốc độ CPU: 400GB/s memory bandwidth\r\n• Tốc độ tối đa: Hãng không công bố\r\n• Bộ nhớ đệm: Hãng không công bố\r\nBộ nhớ RAM, Ổ cứng\r\n• RAM: 32 GB\r\n• Loại RAM: Hãng không công bố\r\n• Tốc độ Bus RAM: Hãng không công bố\r\n• Hỗ trợ RAM tối đa: Không hỗ trợ nâng cấp\r\n• Ổ cứng: 1 TB SSD\r\n Màn hình\r\n• Màn hình: 16.2 inch\r\n• Độ phân giải: Liquid Retina XDR display (3456 x 2234)\r\n• Tần số quét: up to 120Hz\r\n• Công nghệ màn hình:\r\n   1 billion colors\r\n   True Tone Technology\r\n   Wide color (P3)\r\n Đồ họa và Âm thanh\r\n• Card màn hình: Card tích hợp - 32 core-GPU\r\n• Công nghệ âm thanh:\r\n   3 microphones\r\n   Dolby Atmos\r\n   Hệ thống âm thanh 6 loa\r\n   Wide stereo sound\r\n   Cổng kết nối & tính năng mở rộng\r\n• Cổng giao tiếp:\r\n    3 x Thunderbolt 4 USB-C\r\n    HDMI\r\n    Jack tai nghe 3.5 mm\r\n• Kết nối không dây: Bluetooth 5.0Wi-Fi 6 (802.11ax)\r\n• Khe đọc thẻ nhớ: SD\r\n• Webcam: 1080p FaceTime HD camera\r\n• Tính năng khác: Bảo mật vân tay  sạc MagSafe\r\n• Đèn bàn phím: Có\r\n   Kích thước & trọng lượng\r\n• Kích thước, trọng lượng: Dài 355.7 mm - Rộng 248.1 mm - Dày 16.8 mm - Nặng 2.2 kg\r\n• Chất liệu: Vỏ kim loại nguyên khối\r\n Thông tin khác\r\n• Thông tin Pin: Khoảng 10 tiếng\r\n• Hệ điều hành: Mac OS\r\n• Thời điểm ra mắt: 10/2021\r\n\r\n', 7, './images/Mac/3/apple-macbook-pro-16-m1-max-2021-bac-1.jpg', 'Hết hàng'),
(156, 'Pro 16 M1 Pro 2021 10 core', 22300500, 0, 'Bộ xử lý\r\n• Công nghệ CPU: Apple M1 Pro - Hãng không công bố\r\n• Số nhân: 10\r\n• Số luồng: Hãng không công bố\r\n• Tốc độ CPU: 200GB/s memory bandwidth\r\n• Tốc độ tối đa: Hãng không công bố\r\n• Bộ nhớ đệm: Hãng không công bố\r\n Bộ nhớ RAM, Ổ cứng\r\n• RAM: 16 GB\r\n• Loại RAM: Hãng không công bố\r\n• Tốc độ Bus RAM: Hãng không công bố\r\n• Hỗ trợ RAM tối đa: Không hỗ trợ nâng cấp\r\n• Ổ cứng: 1 TB SSD\r\nMàn hình\r\n• Màn hình: 16.2 inch\r\n• Độ phân giải: Liquid Retina XDR display (3456 x 2234)\r\n• Tần số quét: up to 120Hz\r\n• Công nghệ màn hình:\r\n    1 billion colors\r\n    True Tone Technology\r\n    Wide color (P3)\r\n Đồ họa và Âm thanh\r\n• Card màn hình: Card tích hợp - 16 core-GPU\r\n• Công nghệ âm thanh:\r\n    3 microphones\r\n    Dolby Atmos\r\n    Hệ thống âm thanh 6 loa\r\n    Wide stereo sound\r\n Cổng kết nối & tính năng mở rộng\r\n• Cổng giao tiếp:\r\n    3 x Thunderbolt 4 USB-C\r\n    HDMI\r\n    Jack tai nghe 3.5 mm\r\n• Kết nối không dây: Bluetooth 5.0Wi-Fi 6 (802.11ax)\r\n• Khe đọc thẻ nhớ: SD\r\n• Webcam:1080p FaceTime HD camera\r\n• Tính năng khác: Bảo mật vân tay sạc MagSafe\r\n• Đèn bàn phím: Có\r\nKích thước & trọng lượng\r\n• Kích thước, trọng lượng: Dài 355.7 mm - Rộng 248.1 mm - Dày 16.8 mm - Nặng 2.2 kg\r\n• Chất liệu: Vỏ kim loại nguyên khối\r\nThông tin khác\r\n• Thông tin Pin: Khoảng 10 tiếng\r\n• Hệ điều hành: Mac OS\r\n• Thời điểm ra mắt: 10/2021\r\n', 7, './images/Mac/4/apple-macbook-pro-16-m1-pro-2021-1.jpg', 'Còn hàng'),
(157, 'Pro 14 M1 Pro 2021 10-core ', 26100000, 33, ' Bộ xử lý\r\n• Công nghệ CPU: Apple M1 Pro - Hãng không công bố\r\n• Số nhân: 10\r\n• Số luồng: Hãng không công bố\r\n• Tốc độ CPU: 200GB/s memory bandwidth\r\n• Tốc độ tối đa: Hãng không công bố\r\n• Bộ nhớ đệm: Hãng không công bố\r\n Bộ nhớ RAM, Ổ cứng\r\n• RAM: 16 GB\r\n• Loại RAM: Hãng không công bố\r\n• Tốc độ Bus RAM: Hãng không công bố\r\n• Hỗ trợ RAM tối đa: Không hỗ trợ nâng cấp\r\n• Ổ cứng: 1 TB SSD\r\n Màn hình\r\n• Màn hình: 14.2 inch\r\n• Độ phân giải: Liquid Retina XDR display(3024 x 1964)\r\n• Tần số quét: up to 120Hz\r\n• Công nghệ màn hình:\r\n   1 billion colors\r\n   True Tone Technology\r\n   Wide color (P3)\r\n Đồ họa và Âm thanh\r\n• Card màn hình: Card tích hợp - 16 core-GPU\r\n• Công nghệ âm thanh:\r\n   Dolby Atmos\r\n   Hệ thống âm thanh 6 loa\r\n   Wide stereo sound\r\n   Cổng kết nối & tính năng mở rộng\r\n• Cổng giao tiếp:\r\n   3 x Thunderbolt 4 USB-C\r\n   HDMI \r\n   Jack tai nghe 3.5 mm\r\n•Kết nối không dây: Bluetooth 5.0Wi-Fi 6 (802.11ax)\r\n• Khe đọc thẻ nhớ: SD\r\n• Webcam: 1080p FaceTime HD camera\r\n• Tính năng khác: Bảo mật vân tay sạc MagSafe\r\n• Đèn bàn phím: Có\r\nKích thước & chất liệu\r\n• Kích thước, trọng lượng: Dài 312.6 mm - Rộng 221.2 mm - Dày 15.5 mm - Nặng 1.6 kg\r\n• Chất liệu: Vỏ kim loại nguyên khối\r\nThông tin khác\r\n• Thông tin Pin: Khoảng 10 tiếng\r\n• Hệ điều hành: Mac OS\r\n• Thời điểm ra mắt: 10/2021\r\n', 7, './images/Mac/5/macbook-pro-14-m1-pro-2021-bac-1.jpg', 'còn hàng'),
(158, 'Air M1 2020 16GB/512GB/7-core GPU', 23340000, 0, ' Bộ xử lý\r\n• Công nghệ CPU: Apple M1 - Hãng không công bố\r\n• Số nhân: Hãng không công bố\r\n• Số luồng: Hãng không công bố\r\n• Tốc độ CPU: Hãng không công bố\r\n• Tốc độ tối đa: Hãng không công bố\r\n• Bộ nhớ đệm: Hãng không công bố\r\nBộ nhớ RAM, Ổ cứng\r\n• RAM: 16 GB\r\n• Loại RAM: Hãng không công bố\r\n• Tốc độ Bus RAM: Hãng không công bố\r\n• Hỗ trợ RAM tối đa: Không hỗ trợ nâng cấp\r\n• Ổ cứng: 512 GB SSD\r\n Màn hình\r\n• Màn hình: 13.3 inch\r\n• Độ phân giải: Retina (2560 x 1600)\r\n• Tần số quét: Hãng không công bố\r\n• Công nghệ màn hình:\r\n   400 nits\r\n   Công nghệ IPS\r\n   LED Backlit\r\n   True Tone Technology\r\n Đồ họa và Âm thanh\r\n• Card màn hình: Card tích hợp - 7 nhân GPU\r\n• Công nghệ âm thanh:\r\n   3 microphones\r\n   Headphones\r\n   Loa kép (2 kênh)\r\n Cổng kết nối & tính năng mở rộng\r\n• Cổng giao tiếp: 2 x Thunderbolt 3 (USB-C)Jack tai nghe 3.5 mm\r\n• Kết nối không dây: Bluetooth 5.0Wi-Fi 6 (802.11ax)\r\n• Webcam: 720p FaceTime Camera\r\n• Tính năng khác: Bảo mật vân tay\r\n• Đèn bàn phím: Có\r\n Kích thước & chất liệu\r\n• Kích thước, trọng lượng: Dài 304.1 mm - Rộng 212.4 mm - Dày 4.1 đến 16.1 mm - Nặng 1.29 kg\r\n• Chất liệu: Vỏ kim loại nguyên khối\r\nThông tin khác\r\n• Thông tin Pin: Khoảng 10 tiếng\r\n• Hệ điều hành: Mac OS\r\n• Thời điểm ra mắt: 2020\r\n', 7, './images/Mac/6/apple-macbook-air-m1-2020-z12a00050-5-org.jpg', 'còn hàng');
INSERT INTO `product` (`id_product`, `product_name`, `price`, `khuyenMai`, `description`, `company_id`, `image`, `satus`) VALUES
(159, 'Pro M1 2020 8GB/512GB', 16500000, 0, ' Bộ xử lý\r\n• Công nghệ CPU: Apple M1 - Hãng không công bố\r\n• Số nhân: Hãng không công bố\r\n• Số luồng: Hãng không công bố\r\n• Tốc độ CPU: Hãng không công bố\r\n• Tốc độ tối đa: Hãng không công bố\r\n• Bộ nhớ đệm: Hãng không công bố\r\nBộ nhớ RAM, Ổ cứng\r\n• RAM: 8 GB\r\n• Loại RAM: Hãng không công bố\r\n• Tốc độ Bus RAM: Hãng không công bố\r\n• Hỗ trợ RAM tối đa: Không hỗ trợ nâng cấp\r\n• Ổ cứng: 512 GB SSD\r\nMàn hình\r\n• Màn hình: 13.3 inch\r\n• Độ phân giải: Retina (2560 x 1600)\r\n• Tần số quét: Hãng không công bố\r\n• Công nghệ màn hình:\r\n   500 nits brightness\r\n   LED Backlit\r\n   Retina\r\n   True Tone Technology\r\n   Tấm nền IPS\r\n Đồ họa và Âm thanh\r\n• Card màn hình: Card tích hợp - 8 nhân GPU\r\n• Công nghệ âm thanh:\r\n   3 microphones\r\n   Dolby Atmos\r\n   Loa kép (2 kênh)\r\n   Cổng kết nối & tính năng mở rộng\r\n• Cổng giao tiếp: 2 x Thunderbolt 3 (USB-C)Jack tai nghe 3.5 mm\r\n• Kết nối không dây: Bluetooth 5.0Wi-Fi 6 (802.11ax)\r\n• Webcam: HD webcam\r\n• Tính năng khác: Bảo mật vân tay\r\n• Đèn bàn phím: Có\r\n Kích thước & trọng lượng\r\n• Kích thước, trọng lượng: Dài 304.1 mm - Rộng 212.4 mm - Dày 15.6 mm - Nặng 1.4 kg\r\n• Chất liệu: Vỏ kim loại nguyên khối\r\n Thông tin khác\r\n• Thông tin Pin: Khoảng 10 tiếng\r\n• Hệ điều hành: Mac OS\r\n• Thời điểm ra mắt: 2020\r\n', 7, './images/Mac/7/apple-macbook-pro-2020-myd92saa-041220-0942190-800x444.jpg', 'Đang cập nhập'),
(160, 'Air M1 2020 16GB/256GB/7-core GPU ', 17500000, 0, ' Bộ xử lý\r\n• Công nghệ CPU: Apple M1 - Hãng không công bố\r\n• Số nhân: Hãng không công bố\r\n•Số luồng: Hãng không công bố\r\n• Tốc độ CPU: Hãng không công bố\r\n• Tốc độ tối đa: Hãng không công bố\r\n• Bộ nhớ đệm: Hãng không công bố\r\nBộ nhớ RAM, Ổ cứng\r\n•RAM: 16 GB\r\n• Loại RAM: Hãng không công bố\r\n• Tốc độ Bus RAM: Hãng không công bố\r\n• Hỗ trợ RAM tối đa: Không hỗ trợ nâng cấp\r\n• Ổ cứng: 256 GB SSD\r\n Màn hình\r\n• Màn hình: 13.3 inch\r\n• Độ phân giải: Retina (2560 x 1600)\r\n• Tần số quét: Hãng không công bố\r\n• Công nghệ màn hình:\r\n   400 nits\r\n   Công nghệ IPS\r\n   LED Backlit\r\n   True Tone Technology\r\n   Đồ họa và Âm thanh\r\n• Card màn hình: Card tích hợp - 7 nhân GPU\r\n• Công nghệ âm thanh:\r\n    3 microphones\r\n    Headphones\r\n    Loa kép (2 kênh)\r\n Cổng kết nối & tính năng mở rộng\r\n• Cổng giao tiếp: 2 x Thunderbolt 3 (USB-C)Jack tai nghe 3.5 mm\r\n• Kết nối không dây: Bluetooth 5.0Wi-Fi 6 (802.11ax)\r\n• Webcam: 720p FaceTime Camera\r\n• Tính năng khác: Bảo mật vân tay\r\n• Đèn bàn phím: Có\r\n Kích thước & trọng lượng\r\n• Kích thước, trọng lượng: Dài 304.1 mm - Rộng 212.4 mm - Dày 4.1 mm đến 16.1 mm - Nặng 1.29 kg\r\n• Chất liệu: Vỏ kim loại nguyên khối\r\n Thông tin khác\r\n• Thông tin Pin: Khoảng 10 tiếng\r\n• Hệ điều hành: Mac OS\r\n• Thời điểm ra mắt: 2020\r\n\r\n', 7, '', 'Còn hàng'),
(161, 'Gaming GF65 Thin 10UE i5 ', 19999999, 0, ' Bộ xử lý\r\n• Công nghệ CPU: Intel Core i5 Comet Lake - 10500H\r\n• Số nhân: 6\r\n• Số luồng: 12\r\n•Tốc độ CPU: 2.50 GHz\r\n• Tốc độ tối đa: Turbo Boost 4.5 GHz\r\n• Bộ nhớ đệm: 12 MB\r\nBộ nhớ RAM, Ổ cứng\r\n• RAM: 16 GB\r\n• Loại RAM: DDR4 2 khe (1 khe 8GB + 1 khe 8GB)\r\n• Tốc độ Bus RAM: 3200 MHz\r\n• Hỗ trợ RAM tối đa: 64 GB\r\n• Ổ cứng: 512 GB SSD NVMe PCIe (Có thể tháo ra, lắp thanh khác tối đa 2TB)Hỗ trợ thêm 1 khe cắm SSD M.2 PCIe mở rộng (nâng cấp tối đa 2TB)\r\n Màn hình\r\n• Màn hình: 15.6 inch\r\n• Độ phân giải: Full HD (1920 x 1080)\r\n• Tần số quét: 144 Hz\r\n• Công nghệ màn hình: Chống chói Anti GlareTấm nền IPS\r\nĐồ họa và Âm thanh\r\n• Card màn hình: Card rời - NVIDIA GeForce RTX 3060 Max-Q, 6 GB\r\n• Công nghệ âm thanh: Nahimic AudioRealtek High Definition Audio\r\nCổng kết nối & tính năng mở rộng\r\n• Cổng giao tiếp:\r\n   2 x USB 3.2\r\n   2 x USB Type-C\r\n   HDMI\r\n   Jack tai nghe 3.5 mm\r\n   LAN (RJ45)\r\n• Kết nối không dây: Bluetooth 5.1Wi-Fi 6 (802.11ax)\r\n• Webcam: HD webcam\r\n• Đèn bàn phím: Có\r\nKích thước & trọng lượng\r\n• Kích thước, trọng lượng:\r\nDài 359 mm - Rộng 254 mm - Dày 21.7 mm - Nặng 1.86 kg\r\n• Chất liệu: Nắp lưng và chiếu nghỉ tay bằng kim loại\r\nThông tin khác\r\n• Thông tin Pin: 3-cell Li-ion, 51 Wh\r\n• Hệ điều hành: Windows 10 Home SL\r\n• Thời điểm ra mắt: 2021\r\n\r\n', 8, './images/MSI/1/vi-vn-msi-gaming-gf65-thin-10ue-i5-286vn-2.jpg', 'Còn hàng'),
(162, 'Modern 15 A11MU i5 ', 20999999, 0, ' Bộ xử lý\r\n• Công nghệ CPU: Intel Core i5 Tiger Lake - 1155G7\r\n• Số nhân: 4\r\n• Số luồng: 8\r\n• Tốc độ CPU: 2.50 GHz\r\n• Tốc độ tối đa: Turbo Boost 4.5 GHz\r\n• Bộ nhớ đệm: 8 MB\r\n Bộ nhớ RAM, Ổ cứng\r\n• RAM: 8 GB\r\n• Loại RAM: DDR4 2 khe (1 khe 8GB + 1 khe rời)\r\n• Tốc độ Bus RAM: 3200 MHz\r\n• Hỗ trợ RAM tối đa: 64 GB\r\n• Ổ cứng: 512 GB SSD NVMe PCIe (Có thể tháo ra, lắp thanh khác tối đa 2TB)Hỗ trợ thêm 1 khe cắm SSD M.2 PCIe mở rộng (nâng cấp tối đa 2TB)\r\nMàn hình\r\n• Màn hình: 15.6 inch\r\n• Độ phân giải: Full HD (1920 x 1080)\r\n• Tần số quét: 60 Hz\r\n• Công nghệ màn hình: Công nghệ IPSLED\r\nĐồ họa và Âm thanh\r\n• Card màn hình: Card tích hợp - Intel Iris Xe Graphics\r\n• Công nghệ âm thanh: Nahimic Audio\r\nCổng kết nối & tính năng mở rộng\r\n• Cổng giao tiếp:\r\n   2 x USB 3.2\r\n   HDMI\r\n   Jack tai nghe 3.5 mm\r\n   USB 2.0\r\n   USB Type-C\r\n• Kết nối không dây: Bluetooth 5.1Wi-Fi 6 (802.11ax)\r\n• Khe đọc thẻ nhớ: Micro SD\r\n• Webcam: HD webcam\r\n• Tính năng khác: Bản lề mở 180 độ\r\n• Đèn bàn phím: Có\r\n Kích thước & chất liệu\r\n• Kích thước, trọng lượng:\r\nDài 356.8 mm - Rộng 233.75 mm - Dày 16.9 mm - Nặng 1.6 kg\r\n• Chất liệu: Vỏ kim loại\r\nThông tin khác\r\n• Thông tin Pin: 3-cell, 52 Wh\r\n• Hệ điều hành: Windows 10 Home SL\r\n• Thời điểm ra mắt: 2021\r\n', 8, './images/MSI/2/vi-vn-msi-modern-15-a11mu-i5-680vn-1.jpg', 'Còn hàng'),
(163, 'Modern 14 B11MOU i3 1115G4', 28888888, 0, ' Bộ xử lý\r\n•Công nghệ CPU: Intel Core i3 Tiger Lake - 1115G4\r\n• Số nhân: 2\r\n• Số luồng: 4\r\n• Tốc độ CPU: 3.00 GHz\r\n• Tốc độ tối đa: Turbo Boost 4.1 GHz\r\n• Bộ nhớ đệm: 6 MB\r\n Bộ nhớ RAM, Ổ cứng\r\n• RAM: 8 GB\r\n• Loại RAM: DDR4 2 khe (1 khe 8GB + 1 khe rời)\r\n• Tốc độ Bus RAM: 3200 MHz\r\n• Hỗ trợ RAM tối đa: 64 GB\r\n• Ổ cứng: 256 GB SSD NVMe PCIe (Có thể tháo ra, lắp thanh khác tối đa 2TB)\r\n Màn hình\r\n• Độ phân giải: Full HD (1920 x 1080)\r\n• Tần số quét: 60 Hz\r\n• Công nghệ màn hình:\r\n   250 nits\r\n   Chống chói Anti Glare\r\n   Công nghệ IPS\r\n   LED Backlit\r\n Đồ họa và Âm thanh\r\n• Card màn hình: Card tích hợp - Intel UHD Graphics\r\n• Công nghệ âm thanh: Hi-Res AudioNahimic Audio\r\nCổng kết nối & tính năng mở rộng\r\n• Cổng giao tiếp:\r\n2 x USB 3.2\r\n   HDMI\r\n   Jack tai nghe 3.5 mm\r\n   USB Type-C\r\n• Kết nối không dây: Bluetooth 5.1Wi-Fi 6E (802.11ax)\r\n• Khe đọc thẻ nhớ: Micro SD\r\n• Webcam: HD webcam\r\n• Đèn bàn phím: Có\r\n Kích thước & trọng lượng\r\n• Kích thước, trọng lượng: Dài 319 mm - Rộng 219 mm - Dày 18.1 mm - Nặng 1.3 kg\r\n• Chất liệu: Vỏ kim loại\r\n Thông tin khác\r\n• Thông tin Pin: 3-cell Li-ion, 39 Wh\r\n• Hệ điều hành: Windows 10 Home SL\r\n• Thời điểm ra mắt: 2021\r\n', 8, './images/MSI/3/msi-modern-14-b11mou-i3-849vn-a-2-1020x570.jpg', 'Còn hàng'),
(164, 'Gaming GS66 Stealth 11UG i7 11800H', 22888888, 0, ' Bộ xử lý\r\n• Công nghệ CPU: Intel Core i7 Tiger Lake - 11800H\r\n• Số nhân: 8\r\n• Số luồng: 16\r\n• Tốc độ CPU: 2.30 GHz\r\n• Tốc độ tối đa: Turbo Boost 4.6 GHz\r\n• Bộ nhớ đệm: 24 MB\r\n Bộ nhớ RAM, Ổ cứng\r\n• RAM: 32 GB\r\n• Loại RAM: DDR4 2 khe (1 khe 16GB + 1 khe 16GB)\r\n• Tốc độ Bus RAM: 3200 MHz\r\n• Hỗ trợ RAM tối đa: 64 GB\r\n• Ổ cứng: 2 TB SSD NVMe PCIeHỗ trợ thêm 1 khe cắm SSD M.2 PCIe mở rộng (nâng cấp tối đa 2TB)\r\n Màn hình\r\n• Màn hình:15.6 inch\r\n• Độ phân giải: Full HD (1920 x 1080)\r\n• Tần số quét: 360 Hz\r\n• Công nghệ màn hình:\r\n100% sRGB\r\nChống chói Anti Glare\r\nTấm nền IPS\r\nĐồ họa và Âm thanh\r\n• Card màn hình: Card rời - NVIDIA GeForce RTX 3070 Max-Q, 8 GB\r\n• Công nghệ âm thanh: Hi-Res AudioNahimic Audio\r\nCổng kết nối & tính năng mở rộng\r\n• Cổng giao tiếp:\r\n3 x USB 3.2\r\nHDMI\r\nJack tai nghe 3.5 mm\r\nLAN (RJ45)\r\nThunderbolt 4 USB-C\r\nUSB Type-C\r\n• Kết nối không dây: Bluetooth 5.2Wi-Fi 6E (802.11ax)\r\n• Webcam: Camera IR\r\n• Tính năng khác: Mở khóa khuôn mặtĐèn bàn phím chuyển màu RGB\r\n• Đèn bàn phím: Có\r\nKích thước & trọng lượng\r\n• Kích thước, trọng lượng: Dài 358.3 mm - Rộng 248 mm - Dày 19.8 mm - Nặng 2.1 Kg\r\n• Chất liệu: Vỏ kim loại\r\n Thông tin khác\r\n• Thông tin Pin: 4-cell, 99.9 Wh\r\n• Hệ điều hành: Windows 10 Home SL\r\n• Thời điểm ra mắt: 2021\r\n', 8, './images/MSI/4/vi-vn-msi-gaming-gs66-stealth-11ug-i7-219vn-1.jpg', 'Còn hàng'),
(165, 'Gaming GE66 Raider 11UG i7 11800H', 22222222, 0, ' Bộ xử lý\r\n• Công nghệ CPU: Intel Core i7 Tiger Lake - 11800H\r\n• Số nhân: 8\r\n• Số luồng: 16\r\n• Tốc độ CPU: 2.30 GHz\r\n• Tốc độ tối đa: Turbo Boost 4.6 GHz\r\n• Bộ nhớ đệm: 24 MB\r\nBộ nhớ RAM, Ổ cứng\r\n• RAM: 16 GB\r\n• Loại RAM: DDR4 2 khe (1 khe 8GB + 1 khe 8GB)\r\n• Tốc độ Bus RAM: 3200 MHz\r\n• Hỗ trợ RAM tối đa: 64 GB\r\n• Ổ cứng: 2 TB SSD NVMe PCIeHỗ trợ thêm 1 khe cắm SSD M.2 PCIe mở rộng (nâng cấp tối đa 2TB)\r\nMàn hình\r\n• Màn hình: 15.6 inch\r\n• Độ phân giải: Full HD (1920 x 1080)\r\n• Tần số quét: 360 Hz\r\n• Công nghệ màn hình:\r\n   100% sRGB\r\n   Chống chói Anti Glare\r\n   Tấm nền IPS\r\n Đồ họa và Âm thanh\r\n• Card màn hình: Card rời - NVIDIA GeForce RTX 3070, 8 GB\r\n• Công nghệ âm thanh:\r\n   Hi-Res Audio\r\n   Nahimic Audio\r\n   Sound by Dynaudio\r\n   Cổng kết nối & tính năng mở rộng\r\n• Cổng giao tiếp:\r\n   3 x USB 3.2\r\n   HDMI\r\n   Jack tai nghe 3.5 mm\r\n   LAN (RJ45)\r\n   Mini DisplayPort\r\n   Thunderbolt 4 USB-C\r\n   USB Type-C\r\n• Kết nối không dây: Bluetooth 5.2Wi-Fi 6E (802.11ax)\r\n• Khe đọc thẻ nhớ: SD\r\n• Webcam: FHD (30fps@1080p)\r\n• Tính năng khác: Đèn bàn phím chuyển màu RGB\r\n• Đèn bàn phím: Có\r\nKích thước & trọng lượng\r\n• Kích thước, trọng lượng: Dài 358 mm - Rộng 267 mm - Dày 23.4 mm - Nặng 2.38 Kg\r\n• Chất liệu: Vỏ kim loại\r\nThông tin khác\r\n• Thông tin Pin: 4-cell, 99.9 Wh\r\n• Hệ điều hành: Windows 10 Home SL\r\n• Thời điểm ra mắt: 2021', 8, './images/MSI/5/vi-vn-msi-gaming-ge66-raider-11ug-i7-258vn-1.jpg', 'Đang cập nhập'),
(166, 'Summit E16 Flip i7 1195G7/16GB', 22700000, 0, ' Bộ xử lý\r\n•Công nghệ CPU: Intel Core i7 Tiger Lake - 1195G7\r\n• Số nhân: 4\r\n• Số luồng: 8\r\n• Tốc độ CPU: 2.90 GHz\r\n• Tốc độ tối đa: Turbo Boost 5.0 GHz\r\n• Bộ nhớ đệm: 12 MB\r\n Bộ nhớ RAM, Ổ cứng\r\n• RAM: 16 GB\r\n• Loại RAM: LPDDR4X (8GB On board + 8GB On board)\r\n• Tốc độ Bus RAM: 2133 MHz (Hãng công bố)\r\n• Hỗ trợ RAM tối đa: Không hỗ trợ nâng cấp\r\n• Ổ cứng: 1 TB SSD M.2 PCIe (Có thể tháo ra, lắp thanh khác tối đa 2TB)\r\n Màn hình\r\n• Màn hình: 16 inch\r\n• Độ phân giải: QHD+ (2560 x 1600)\r\n• Tần số quét: 120 Hz\r\n• Công nghệ màn hình: 100% DCI-P3Tấm nền IPS\r\n• Màn hình cảm ứng: Có\r\n Đồ họa và Âm thanh\r\n• Card màn hình: Card rời - NVIDIA GeForce RTX3050, 4 GB\r\n• Công nghệ âm thanh: Nahimic Audio\r\n Cổng kết nối & tính năng mở rộng\r\n• Cổng giao tiếp:\r\n   2 x Thunderbolt 4 USB-C\r\n   2 x USB 3.2\r\n   HDMI\r\n   Jack tai nghe 3.5 mm\r\n• Kết nối không dây: Bluetooth 5.2Wi-Fi 6E (802.11ax)\r\n• Khe đọc thẻ nhớ: Micro SD\r\n• Webcam: Camera IRHD webcam\r\n• Tính năng khác:\r\n   Bảo mật vân tay\r\n   Công tắc khóa camera\r\n   Màn hình gập 360 độ\r\n   Mở khóa khuôn mặt\r\n   TPM 2.0\r\n• Đèn bàn phím: Có\r\n Kích thước & trọng lượng\r\n• Kích thước, trọng lượng: Dài 358.2 mm - Rộng 258.5 mm - Dày 16.9 mm - Nặng 1.9 kg\r\n• Chất liệu: Vỏ kim loại\r\n Thông tin khác\r\n• Thông tin Pin: 4-cell, 82Wh\r\n• Hệ điều hành: Windows 10 Home SL + Office 365 Family 1 năm\r\n• Thời điểm ra mắt: 2021\r\n', 8, './images/MSI/6/vi-vn-msi-summit-e16-flip-i7-082vn-5.jpg', 'Hết hàng'),
(167, 'Katana Gaming GF66 11UC i7', 25600000, 0, ' Bộ xử lý\r\n• Công nghệ CPU: Intel Core i7 Tiger Lake - 11800H\r\n• Số nhân: 8\r\n• Số luồng: 16\r\n• Tốc độ CPU: 2.30 GHz\r\n• Tốc độ tối đa: Turbo Boost 4.6 GHz\r\n• Bộ nhớ đệm: 24 MB\r\nBộ nhớ RAM, Ổ cứng\r\n• RAM: 8 GB\r\n• Loại RAM: DDR4 2 khe (1 khe 8GB + 1 khe rời)\r\n•Tốc độ Bus RAM: 3200 MHz\r\n• Hỗ trợ RAM tối đa: 64 GB\r\n• Ổ cứng: SSD 512 GB NVMe PCIeKhông hỗ trợ khe cắm SSD M2 mở rộng thêm\r\nMàn hình\r\n• Màn hình: 15.6 inch\r\n• Độ phân giải: Full HD (1920 x 1080)\r\n• Tần số quét: 144 Hz\r\n• Công nghệ màn hình: LEDTấm nền IPS\r\nĐồ họa và Âm thanh\r\n• Card màn hình: Card rời - NVIDIA GeForce RTX3050, 4 GB\r\n• Công nghệ âm thanh: Nahimic Audio\r\nCổng kết nối & tính năng mở rộng\r\n• Cổng giao tiếp:\r\n2 x USB 3.2\r\n   HDMI\r\n   Jack tai nghe 3.5 mm\r\n   LAN (RJ45)\r\n   USB 2.0\r\n   USB Type-C\r\n• Kết nối không dây: Bluetooth 5.2Wi-Fi 6 (802.11ax)\r\n• Webcam: HD webcam\r\n• Đèn bàn phím: Có\r\nKích thước & trọng lượng\r\n• Kích thước, trọng lượng: Dài 359 mm - Rộng 259 mm - Dày 24.9 mm - Nặng 2.1 kg\r\n• Chất liệu: Vỏ nhựa\r\nThông tin khác\r\n• Thông tin Pin: 3-cell Li-ion, 53 Wh\r\n• Hệ điều hành: Windows 10 Home SL\r\n• Thời điểm ra mắt: 2021\r\n', 8, './images/MSI/7/vi-vn-msi-gf66-11uc-i7-224vn.jpg', ''),
(168, 'Gaming Bravo 15 B5DD R5 5600H\r\n', 26800000, 0, ' Bộ xử lý\r\n• Công nghệ CPU: AMD Ryzen 5 - 5600H\r\n• Số nhân:6\r\n• Số luồng: 12\r\n• Tốc độ CPU: 3.30 GHz\r\n• Tốc độ tối đa: Turbo Boost 4.2 GHz\r\n• Bộ nhớ đệm: 16 MB\r\n Bộ nhớ RAM, Ổ cứng\r\n• RAM: 8 GB\r\n• Loại RAM: DDR4 2 khe (1 khe 8GB + 1 khe rời)\r\n• Tốc độ Bus RAM: 3200 MHz\r\n• Hỗ trợ RAM tối đa: 64 GB\r\n• Ổ cứng: 512 GB SSD NVMe PCIe (Có thể tháo ra, lắp thanh khác tối đa 2TB)Không hỗ trợ khe cắm HDD\r\n Màn hình\r\n• Màn hình: 15.6 inch\r\n• Độ phân giải: Full HD (1920 x 1080)\r\n• Tần số quét: 144 Hz\r\n•Công nghệ màn hình: Chống chói Anti GlareCông nghệ IPS\r\nĐồ họa và Âm thanh\r\n• Card màn hình: Card rời - AMD Radeon RX 5500M, 4GB\r\n• Công nghệ âm thanh: Hi-Res AudioNahimic Audio\r\n Cổng kết nối & tính năng mở rộng\r\n• Cổng giao tiếp:\r\n   3 x USB 3.2\r\n   HDMI\r\n   Jack tai nghe 3.5 mm\r\n   LAN (RJ45)\r\n   USB 2.0\r\n• Kết nối không dây: Bluetooth 5.1Wi-Fi 6 (802.11ax)\r\n• Webcam: HD webcam\r\n• Đèn bàn phím: Có\r\n Kích thước & trọng lượng\r\n• Kích thước, trọng lượng: Dài 359 mm - Rộng 259 mm - Dày 24.95 mm - Nặng 2.35 kg\r\n• Chất liệu: Vỏ nhựa\r\n Thông tin khác\r\n• Thông tin Pin: 3-cell, 52 Wh\r\n• Hệ điều hành: Windows 10 Home\r\n• Thời điểm ra mắt: 2021\r\n\r\n\r\n', 8, './images/MSI/8/vi-vn-msi-gaming-bravo-15-b5dd-r5-084vn-4.jpg', 'Hết hàng'),
(170, 'Chuột Bluetooth Apple MK2E3 Trắng', 800000, 0, '• Tương thích iPadOS 13.4 trở lênMacOS (MacBook, iMac)\r\n• Độ phân giải mặc định 1300 DPI\r\n• Cách kết nối Bluetooth Lightning Wireless\r\n• Đèn LED Hãng không thông báo\r\n• Thời gian Dùng 1 tháng\r\n• Cổng sạc Lightning\r\n• Trọng lượng 99 g\r\n• Thương hiệu của Mỹ\r\n• Sản xuất tại Trung Quốc\r\n• Hãng Apple\r\n', 7, './images/chuot/Chuột Bluetooth Apple MK2E3 Trắng.jpg', 'Còn hàng'),
(171, 'Chuột Không Dây Silent Logitech M331', 400000, 0, '• Tương thích AndroidiOS (iPhone, iPad)\r\n Windows\r\n• Độ phân giải mặc định 1000 DPI\r\n• Cách kết nối\r\nĐầu thu USB Receiver\r\n• Độ dài dây/Khoảng cách kết nối 10 m\r\n• Loại pin 1 viên pin AA\r\n• Trọng lượng 90 g\r\n• Thương hiệu của Thụy Sĩ\r\n• Sản xuất tại Trung Quốc\r\n• Hãng Logitech\r\n', 10, './images/chuot/Chuột Không Dây Silent Logitech M331.jpg', 'Còn hàng'),
(172, 'Chuột không dây Gaming Corsair Iron Claw RGB Đen', 350000, 0, '• Tương thích MacOS (MacBook, iMac)Windows\r\n• Độ phân giải mặc định 18000 DPI\r\n• Cách kết nối Bluetooth Đầu thu USB Receiver Dây cắm USB\r\n• Độ dài dây/Khoảng cách kết nối 10 m\r\n• Đèn LED RGB 16.8 triệu màu\r\n• Ứng dụng điều khiển iCUE\r\n• Loại pin Pin sạc\r\n• Trọng lượng 105 g\r\n• Thương hiệu của Mỹ\r\n• Sản xuất tại Trung Quốc\r\n• Hãng Corsair\r\n', 11, './images/chuot/Chuột không dây Gaming Corsair Iron Claw RGB Đen.jpg', 'Hết hàng'),
(173, 'Chuột Có Dây Gaming Rapoo VT30 Đen', 500000, 0, '• Tương thích MacOS (MacBook, iMac)Windows\r\n• Độ phân giải mặc định 6200 DPI\r\n• Cách kết nối Dây cắm USB\r\n• Độ dài dây/Khoảng cách kết nối Dây dài 185 cm\r\n• Đèn LED Có\r\n• Trọng lượng 104 g\r\n• Thương hiệu của Trung Quốc\r\n• Sản xuất tại Trung Quốc\r\n• Hãng Rapoo\r\n', 9, './images/chuot/Chuột Có Dây Gaming Rapoo VT30 Đen.jpg', 'Đang cập nhập'),
(174, 'Chuột Gaming HyperX Pulsefire FPS Pro RGB Đen', 600000, 0, '• Tương thích Windows\r\n• Độ phân giải mặc định 16000 DPI\r\n• Cách kết nối Dây cắm USB\r\n• Độ dài dây/Khoảng cách kết nối Dây dài 180 cm\r\n• Đèn LED RGB 16.8 triệu màu\r\n• Ứng dụng điều khiển HyperX NGenuity\r\n• Trọng lượng 130 g\r\n• Thương hiệu của Mỹ\r\n• Sản xuất tại Trung Quốc\r\n• Hãng HyperX\r\n\r\n', 12, './images/chuot/Chuột Gaming HyperX Pulsefire FPS Pro RGB Đen.jpg', 'Hết hàng'),
(175, 'Chuột Có Dây Gaming Razer Viper Mini', 400000, 0, '• Tương thích MacOS (MacBook, iMac)Windows\r\n• Độ phân giải mặc định 8500 DPI\r\n• Cách kết nối Wired Cable\r\n• Trọng lượng 61 g\r\n• Thương hiệu của Mỹ\r\n• Sản xuất tại Hồng Kông\r\n• Hãng Lenovo\r\n', 5, './images/chuot/Chuột Có Dây Gaming Razer Viper Mini.jpg', 'Còn hàng'),
(176, 'Chuột Gaming Asus TUF M3 Đen', 550000, 0, '• Độ phân giải mặc định 7000 DPI\r\n• Cách kết nối Dây cắm USB\r\n• Độ dài dây/Khoảng cách kết nối Dây dài 184 cm\r\n• Đèn LED Có\r\n• Ứng dụng điều khiển ROG Armoury II\r\n• Trọng lượng 84g\r\n• Thương hiệu của Đài Loan\r\n• Sản xuất tại Trung Quốc\r\n• Hãng Asus.\r\n\r\n', 2, './images/chuot/Chuột Gaming Asus TUF M3 Đen.jpg', 'Còn hàng'),
(177, 'Chuột Gaming Logitech G402 Hyperion Fury Đen', 3000000, 0, '• Tương thích Windows\r\n• Độ phân giải mặc định 4000 DPI\r\n• Cách kết nối Dây cắm USB\r\n• Độ dài dây/Khoảng cách kết nối Dây dài 210 cm\r\n• Đèn LED RGB\r\n• Ứng dụng điều khiển Logitech G HUB\r\n• Trọng lượng 144g (chuột kèm dây)\r\n• Thương hiệu của Thụy Sĩ\r\n• Sản xuất tại Trung Quốc\r\n• Hãng Logitech.\r\n', 10, './images/chuot/huột Gaming Logitech G402 Hyperion Fury Đen.jpg', 'Đang cập nhập'),
(178, 'Bàn Phím Cơ Có Dây Gaming Rapoo V500 Pro Rainbow Backit Đen', 400000, 0, '• Sản xuất tại: Trung Quốc\r\n• Thương hiệu của: Trung Quốc\r\n• Đèn LED: Không có\r\n• Cách kết nối: Dây cắm USB\r\n• Số phím: 104 phím\r\n• Độ dài dây / Khoảng cách kết nối:1.82 m\r\n• Kích thước: Dài 43.2 cm - Rộng 13 cm -Cao 4.5 cm\r\n• Tương thích: Windows\r\n• Trọng lượng: 1 kg\r\n• Tính năng khác: Không có\r\n• Bộ bán hàng chuẩn:\r\nBàn phím\r\n• Chính hãng:Rapoo\r\n', 9, './images/banphim/1/ban-phim-co-co-day-gaming-rapoo-v500-pro-den-1-org.jpg\r\n', 'Còn hàng'),
(179, 'Bàn Phím Cơ Có Dây Gaming Razer BlackWidow V3', 2500000, 12, '• Sản xuất tại: Hồng Kông\r\n• Thương hiệu của: Mỹ\r\n• Đèn LED: RGB\r\n• Cách kết nối: Kết nối Wired - Attached\r\n• Số phím: 104 phím\r\n• Độ dài dây / Khoảng cách kết nối: 1.96 m\r\n• Trọng lượng: 1.69 kg\r\n• Tương thích: Windows\r\n• Bộ bán hàng chuẩn: Bàn phímHộp\r\n• Chính hãng: Lenovo', 5, './images/banphim/2/ban-phim-co-co-day-gaming-razer-blackwidow-v3-2-1-org.jpg', 'Còn hàng'),
(180, 'Bàn Phím Cơ Có Dây Gaming Rapoo V500Pro Vàng Xanh\r\n', 550000, 45, '• Sản xuất tại: Trung Quốc\r\n• Thương hiệu của: Trung Quốc\r\n• Đèn LED: Có\r\n• Cách kết nối: Dây cắm USB\r\n• Độ dài dây / Khoảng cách kết nối: 1.8 m\r\n• Kích thước: Dài 43.4 cm - Rộng 13.1 cm - Cao 3.65 cm\r\n• Trọng lượng: 1.02 kg\r\n• Tương thích: MacOS (MacBook, iMac)Windows\r\n• Bộ bán hàng chuẩn: Bàn phím\r\n• Chính hãng: Chính hãng\r\n', 9, './images/banphim/3/co-co-day-gaming-rapoo-v500pro-vang-xanh-3-org.jpg', 'Hết hàng'),
(181, 'Bàn Phím Cơ Có Dây Gaming Corsair K63 Compact Mechanical Đen', 340000, 0, '• Sản xuất tại: Trung Quốc\r\n• Thương hiệu của: Mỹ\r\n• Đèn LED: Có\r\n• Cách kết nối: Dây cắm USB\r\n• Số phím: 87 phím\r\n• Độ dài dây / Khoảng cách kết nối: 2.21 m\r\n• Kích thước: Dài 36.5 cm - Rộng 17.4 cm - Cao 5 cm\r\n• Trọng lượng: 500 g\r\n• Tương thích: Windows\r\n• Tính năng khác: Không có\r\n• Bộ bán hàng chuẩn: Bàn phím\r\n', 11, './images/banphim/4/ban-phim-co-co-day-gaming-corsair-k63-den-4-1-org.jpg', 'Đang cập nhập'),
(182, 'Bàn Phím Cơ Có Dây Gaming Corsair K68 RGB Mechanical Đen', 700000, 0, '•Sản xuất tại: Trung Quốc\r\n• Thương hiệu của: Mỹ\r\n• Đèn LED: RGB\r\n• Cách kết nối: Dây cắm USB\r\n• Số phím: 104 phím\r\n• Độ dài dây / Khoảng cách kết nối: 2.22 m\r\n• Kích thước: Dài 45.5 cm - Rộng 17 cm - Cao 5 cm\r\n• Trọng lượng: 1.4 kg\r\n• Tương thích: Windows\r\n• Tính năng khác: Không có\r\n• Bộ bán hàng chuẩn: Bàn phím\r\n', 11, './images/banphim/5/ban-phim-co-co-day-gaming-corsair-k68-rgb-den-4-org.jpg', 'Còn hàng'),
(183, 'Bộ Bàn Phím Chuột Không Dây Zadez ZMK-530G', 400000, 0, '\r\n• Sản xuất tại: Trung Quốc\r\n• Thương hiệu của: Trung Quốc\r\n• Cách kết nối: USB Receiver (đầu thu USB)\r\n• Số phím: 104 phím\r\n• Độ dài dây / Khoảng cách kết nối: 10 m\r\n• Kích thước: Dài 43 cm - Rộng 12.3 cm - Cao 1.7 cm\r\n• Trọng lượng: 200 g\r\n• Tương thích: MacOS (MacBook, iMac)Windows\r\n• Bộ bán hàng chuẩn: Bàn phím chuột\r\n', 12, './images/banphim/6/bo-chuot-khong-day-zadez-zmk-530g-2-2-org.jpg', 'Còn hàng'),
(184, 'Bàn Phím Không Dây Logitech K580', 490000, 0, '• Sản xuất tại: Trung Quốc\r\n• Thương hiệu của: Thụy Sỹ\r\n• Thời gian sử dụng: Sử dụng pin (24 tháng)\r\n• Cách kết nối: BluetoothUSB Receiver (đầu thu USB)\r\n• Số phím: 101 phím\r\n• Độ dài dây / Khoảng cách kết nối: 10 m\r\n• Kích thước: Dài 37.1 cm - Rộng 14.4 cm - Cao 2.2 cm\r\n• Trọng lượng: 558 g\r\n• Tương thích: MacOS (MacBook, iMac)Windows\r\n• Tính năng khác: Không có\r\n• Bộ bán hàng chuẩn: Bàn phím Sách hướng dẫn\r\n• Hãng: Logitech. \r\n', 10, './images/banphim/7/khong-day-logitech-k580-trang-1-org.jpg', 'Hết hàng'),
(185, 'Bàn Phím Không Dây Touchpad Logitech K400 Plus', 320000, 0, '• Sản xuất tại: Trung Quốc\r\n• Thương hiệu của: Thụy Sỹ\r\n• Cách kết nối: USB Receiver (đầu thu USB)\r\n• Số phím: 87 Phím\r\n• Độ dài dây / Khoảng cách kết nối: 10 m\r\n• Kích thước: Dài 35.4 cm - Rộng 13.9 cm - Cao 2.3 cm\r\n• Trọng lượng: 390g\r\n• Tương thích: MacOS (MacBook, iMac)Windows\r\n• Bộ bán hàng chuẩn: Bàn phímHộp\r\n• Chính hãng: Chính hãng\r\n• Hãng: Logitech.\r\n', 10, './images/banphim/8/khong-day-touchpad-logitech-k400-plus-2-org.jpg', 'còn hàng'),
(186, 'Bộ Bàn Phím Chuột Không Dây Rapoo 8000M', 560000, 0, '•Sản xuất tại: Trung Quốc\r\n• Thương hiệu của: Trung Quốc\r\n• Cách kết nối: USB Receiver (đầu thu USB)\r\n• Số phím: 79 Phím\r\n• Độ dài dây / Khoảng cách kết nối: 10 m\r\n• Kích thước: Dài 29.2 cm - Rộng 14.6 cm - Cao 2 cm\r\n• Trọng lượng: 377g\r\n• Tương thích: MacOS (MacBook, iMac)Windows\r\n• Bộ bán hàng chuẩn:\r\n   Bàn phím\r\n   Chuột\r\n   Hộp\r\n• Chính hãng: Chính hãng\r\n', 9, './images/banphim/9/bo-chuot-khong-day-rapoo-8000m-2-org.jpg', 'Hết hàng'),
(187, 'Bàn Phím Bluetooth Apple QSZ-00017 Đen', 800000, 0, '• Sản xuất tại: Mỹ\r\n• Thương hiệu của: Mỹ\r\n• Cách kết nối: Bluetooth\r\n• Số phím: 106 Phím\r\n• Độ dài dây / Khoảng cách kết nối: 10 m\r\n• Kích thước: Dài 45 cm - Rộng 13 cm - Cao 3 cm\r\n• Trọng lượng: 680g\r\n• Tương thích:\r\n  iOS (iPhone, iPad) \r\n  Mac OS X 10.4 trở lên\r\n  Windows\r\n• Bộ bán hàng chuẩn:\r\n   Bàn phím\r\n   Pin AAA x 2\r\n   Sách hướng dẫn\r\n', 7, './images/banphim/10/bluetooth-microsoft-qsz-00017-den-2-1-org.jpg', 'Còn hàng');

-- --------------------------------------------------------

--
-- Cấu trúc bảng cho bảng `user`
--

CREATE TABLE `user` (
  `id_user` int(10) UNSIGNED NOT NULL,
  `user` varchar(255) COLLATE utf8_unicode_ci NOT NULL,
  `password` varchar(255) COLLATE utf8_unicode_ci NOT NULL,
  `sex` varchar(255) COLLATE utf8_unicode_ci NOT NULL,
  `email` varchar(255) COLLATE utf8_unicode_ci NOT NULL,
  `birth` date NOT NULL,
  `phone` int(20) NOT NULL
) ENGINE=InnoDB DEFAULT CHARSET=utf8 COLLATE=utf8_unicode_ci;

--
-- Đang đổ dữ liệu cho bảng `user`
--

INSERT INTO `user` (`id_user`, `user`, `password`, `sex`, `email`, `birth`, `phone`) VALUES
(1, 'sudoanh', 'fe008700f25cb28940ca8ed91b23b354', 'Nam', 'sudoanh11@gmail.com', '2001-09-10', 123456789),
(2, 'nhatquang12', '9ea04374c01e81fcb68912c7cce3c9d0', 'Nam', 'nhatquangkute12@gmail.com', '0001-11-11', 942160140),
(3, 'minhthong1', '5622c83a876fa4ad5ea1ce680cc3e5c1', 'Nam', 'admin207@gmail.com', '2000-02-02', 333332213);

--
-- Chỉ mục cho các bảng đã đổ
--

--
-- Chỉ mục cho bảng `admin`
--
ALTER TABLE `admin`
  ADD PRIMARY KEY (`admin_username`);

--
-- Chỉ mục cho bảng `company`
--
ALTER TABLE `company`
  ADD PRIMARY KEY (`id_company`);

--
-- Chỉ mục cho bảng `order`
--
ALTER TABLE `order`
  ADD PRIMARY KEY (`id`);

--
-- Chỉ mục cho bảng `order_detail`
--
ALTER TABLE `order_detail`
  ADD UNIQUE KEY `order_id` (`order_id`);

--
-- Chỉ mục cho bảng `product`
--
ALTER TABLE `product`
  ADD PRIMARY KEY (`id_product`),
  ADD KEY `company_id` (`company_id`);

--
-- Chỉ mục cho bảng `user`
--
ALTER TABLE `user`
  ADD PRIMARY KEY (`id_user`);

--
-- AUTO_INCREMENT cho các bảng đã đổ
--

--
-- AUTO_INCREMENT cho bảng `company`
--
ALTER TABLE `company`
  MODIFY `id_company` int(10) UNSIGNED NOT NULL AUTO_INCREMENT, AUTO_INCREMENT=13;

--
-- AUTO_INCREMENT cho bảng `order`
--
ALTER TABLE `order`
  MODIFY `id` int(10) UNSIGNED NOT NULL AUTO_INCREMENT, AUTO_INCREMENT=4;

--
-- AUTO_INCREMENT cho bảng `product`
--
ALTER TABLE `product`
  MODIFY `id_product` int(10) UNSIGNED NOT NULL AUTO_INCREMENT, AUTO_INCREMENT=188;

--
-- AUTO_INCREMENT cho bảng `user`
--
ALTER TABLE `user`
  MODIFY `id_user` int(10) UNSIGNED NOT NULL AUTO_INCREMENT, AUTO_INCREMENT=4;
COMMIT;

/*!40101 SET CHARACTER_SET_CLIENT=@OLD_CHARACTER_SET_CLIENT */;
/*!40101 SET CHARACTER_SET_RESULTS=@OLD_CHARACTER_SET_RESULTS */;
/*!40101 SET COLLATION_CONNECTION=@OLD_COLLATION_CONNECTION */;
